title,url,category,coop,multiplayer,views,post_date,post_datetime,image,release_date,play_via
R.U.S.E.™ по сети,https://online-fix.me/games/strategy/18245-ruse-po-seti.html,strategy,4,8,3275,"17 сентября 2026, 18:35",2026-09-17T18:35:05+03:00,https://online-fix.me/uploads/posts/2026-09/3587192766_poster.jpg,09.09.2010,Steam
Endless Alice по сети,https://online-fix.me/games/adventures/18243-endless-alice-po-seti.html,adventures,4,,2954,"17 сентября 2026, 18:35",2026-09-17T18:35:02+03:00,https://online-fix.me/uploads/posts/2026-09/813567551_poster.jpg,15.01.2025,Steam
Inferno Protocol по сети,https://online-fix.me/games/officialservers/18228-inferno-protocol-po-seti.html,officialservers,6,0,17508,"9 сентября 2026, 14:24",2026-09-09T14:24:00+03:00,https://online-fix.me/uploads/posts/2026-09/2195369973_poster.jpg,28.08.2026,Steam
Halloween The Game Online,https://online-fix.me/games/officialservers/18232-halloween-the-game-online.html,officialservers,4,1 vs 4,69103,"7 сентября 2026, 18:51",2026-09-07T18:51:30+03:00,https://online-fix.me/uploads/posts/2026-09/3567228103_poster.jpg,08.09.2026,Epic Games Store
Mimic Party по сети,https://online-fix.me/games/arcade/18215-mimic-party-po-seti.html,arcade,5,5,124296,"1 сентября 2026, 20:42",2026-09-01T20:42:50+03:00,https://online-fix.me/uploads/posts/2026-09/2158335502_poster.jpg,27.08.2026,Steam
Twisted Party по сети,https://online-fix.me/games/horror/18214-twisted-party-po-seti.html,horror,8,8,44450,"31 августа 2026, 21:30",2026-08-31T21:30:56+03:00,https://online-fix.me/uploads/posts/2026-08/131791829_poster.jpg,25.08.2026,Steam
The One Fish по сети,https://online-fix.me/games/sandbox/18213-the-one-fish-po-seti.html,sandbox,6,0,42741,"27 августа 2026, 20:48",2026-08-27T20:48:44+03:00,https://online-fix.me/uploads/posts/2026-08/3149963535_poster.jpg,12.08.2026,Steam
Motion Soccer PRO по сети,https://online-fix.me/games/officialservers/18199-motion-soccer-pro-po-seti.html,officialservers,11vs11,11vs11,15734,"20 августа 2026, 21:23",2026-08-20T21:23:34+03:00,https://online-fix.me/uploads/posts/2026-08/2819153213_poster.jpg,03.07.2025,Steam
Agent 64 Spies Never Die по сети,https://online-fix.me/games/shooter/18204-agent-64-spies-never-die-po-seti.html,shooter,4,8,15724,"20 августа 2026, 21:23",2026-08-20T21:23:29+03:00,https://online-fix.me/uploads/posts/2026-08/1787376395_poster.jpg,11.08.2026,Steam
EverRail по сети,https://online-fix.me/games/sandbox/18194-everrail-po-seti.html,sandbox,4,0,30410,"12 августа 2026, 16:59",2026-08-12T16:59:42+03:00,https://online-fix.me/uploads/posts/2026-08/1655190599_poster.jpg,20.07.2026,Steam
Meowgic по сети,https://online-fix.me/games/adventures/18185-meowgic-po-seti.html,adventures,4,3vs3,30254,"6 августа 2026, 16:24",2026-08-06T16:24:00+03:00,https://online-fix.me/uploads/posts/2026-08/1487349877_poster.jpg,20.07.2026,Steam
Mistfall Hunter по сети,https://online-fix.me/games/officialservers/18183-mistfall-hunter-po-seti.html,officialservers,3,3,59666,"4 августа 2026, 14:02",2026-08-04T14:02:53+03:00,https://online-fix.me/uploads/posts/2026-08/771241955_poster.jpg,30.07.2026,Microsoft Store
Ore Factory Squad Online,https://online-fix.me/games/simulator/18167-ore-factory-squad-online.html,simulator,4,,61449,"20 июля 2026, 16:24",2026-07-20T16:24:48+03:00,https://online-fix.me/uploads/posts/2026-07/1898275272_poster.jpg,16.07.2026,Steam
Drive Together по сети,https://online-fix.me/games/racing/18118-drive-together-po-seti.html,racing,4,8,53836,"27 мая 2026, 15:43",2026-05-27T15:43:15+03:00,https://online-fix.me/uploads/posts/2026-05/1931787636_poster.jpg,15.05.2026,Steam
Forza Horizon 6 по сети,https://online-fix.me/games/officialservers/18099-forza-horizon-6-po-seti.html,officialservers,4,12,1302006,"15 мая 2026, 07:00",2026-05-15T07:00:32+03:00,https://online-fix.me/uploads/posts/2026-05/4217907990_poster.jpg,13.05.2026,Steam
No Time по сети,https://online-fix.me/games/adventures/18103-no-time-po-seti.html,adventures,4,4,45037,"15 мая 2026, 02:05",2026-05-15T02:05:38+03:00,https://online-fix.me/uploads/posts/2026-05/1946337443_poster.jpg,15.04.2019,Steam
Plains of Pain Online,https://online-fix.me/games/officialservers/18101-plains-of-pain.html,officialservers,200,100,35580,"15 мая 2026, 01:59",2026-05-15T01:59:51+03:00,https://online-fix.me/uploads/posts/2026-05/1866934375_poster.jpg,17.02.2023,Steam
Blade and Sorcery Online,https://online-fix.me/games/officialservers/18149-blade-and-sorcery-online.html,officialservers,10,10,45652,"2 июля 2026, 17:35",2026-07-02T17:35:05+03:00,https://online-fix.me/uploads/posts/2026-06/3573651420_poster.jpg,18.06.2024,Steam
Hardware Store Simulator Online,https://online-fix.me/games/simulator/18142-hardware-store-simulator-online.html,simulator,4,4,59112,"11 июня 2026, 18:41",2026-06-11T18:41:36+03:00,https://online-fix.me/uploads/posts/2026-06/4143311142_poster.jpg,18.04.2025,Steam
Airport Security Sucks! по сети,https://online-fix.me/games/simulator/18133-airport-security-sucks-po-seti.html,simulator,∞,∞,48480,"9 июня 2026, 14:41",2026-06-09T14:41:10+03:00,https://online-fix.me/uploads/posts/2026-06/1701179177_poster.jpg,05.06.2026,Steam
Bandit Trap по сети,https://online-fix.me/games/officialservers/18130-bandit-trap-po-seti.html,officialservers,1vs3,1vs3,28703,"4 июня 2026, 17:37",2026-06-04T17:37:19+03:00,https://online-fix.me/uploads/posts/2026-06/1318429182_poster.jpg,30.04.2026,Epic Games Store
Serpents Gaze Online,https://online-fix.me/games/adventures/18125-serpents-gaze-po-seti.html,adventures,4,,44754,"2 июня 2026, 15:54",2026-06-02T15:54:40+03:00,https://online-fix.me/uploads/posts/2026-06/1004520546_poster.jpg,25.05.2026,Steam
Zero Caliber 2 Remastered по сети,https://online-fix.me/games/vr/18123-zero-caliber-2-remastered-po-seti.html,vr,4,10,37372,"28 мая 2026, 17:03",2026-05-28T17:03:07+03:00,https://online-fix.me/uploads/posts/2026-05/3229454758_poster.jpg,30.10.2025,Steam
Over The Top WWI Online,https://online-fix.me/games/officialservers/18087-over-the-top-wwi-online.html,officialservers,200,200,25828,"7 мая 2026, 14:48",2026-05-07T14:48:48+03:00,https://online-fix.me/uploads/posts/2026-05/2176092113_poster.jpg,06.03.2026,Steam
Beyond Sandbox по сети,https://online-fix.me/games/sandbox/18078-beyond-sandbox-po-seti.html,sandbox,?,?,34409,"1 мая 2026, 01:15",2026-05-01T01:15:03+03:00,https://online-fix.me/uploads/posts/2026-04/551548926_poster.jpg,27.04.2026,Steam
Heroes of Might and Magic Olden Era по сети,https://online-fix.me/games/officialservers/18077-heroes-of-might-and-magic-olden-era-po-seti.html,officialservers,8,8,52104,"30 апреля 2026, 17:16",2026-04-30T17:16:15+03:00,https://online-fix.me/uploads/posts/2026-04/3214685244_poster.jpg,30.04.2026,Microsoft Store
Plants vs Zombies Battle for Neighborville Online,https://online-fix.me/games/shooter/18073-plants-vs-zombies-battle-for-neighborville-online.html,shooter,∞,∞,33150,"27 апреля 2026, 15:45",2026-04-27T15:45:29+03:00,https://online-fix.me/uploads/posts/2026-04/1735884982_poster.jpg,18.10.2019,
Plants vs Zombies Garden Warfare 2 Online,https://online-fix.me/games/shooter/18072-plants-vs-zombies-garden-warfare-2-online.html,shooter,∞,∞,37222,"27 апреля 2026, 15:45",2026-04-27T15:45:27+03:00,https://online-fix.me/uploads/posts/2026-04/3960789424_poster.jpg,25.02.2016,
Plants vs Zombies Garden Warfare Online,https://online-fix.me/games/shooter/18071-plants-vs-zombies-garden-warfare-online.html,shooter,∞,∞,24934,"27 апреля 2026, 15:45",2026-04-27T15:45:26+03:00,https://online-fix.me/uploads/posts/2026-04/1748875987_poster.jpg,26.06.2014,
SimplePlanes 2 Online,https://online-fix.me/games/simulator/18070-simpleplanes-2-online.html,simulator,10,10,27947,"27 апреля 2026, 15:45",2026-04-27T15:45:24+03:00,https://online-fix.me/uploads/posts/2026-04/2756937912_poster.jpg,23.04.2026,Steam
Dome Keeper по сети,https://online-fix.me/games/officialservers/18062-dome-keeper-po-seti.html,officialservers,4,4,48198,"15 апреля 2026, 14:06",2026-04-15T14:06:48+03:00,https://online-fix.me/uploads/posts/2026-04/632325463_poster.jpg,27.09.2022,Steam
Duel Corp по сети,https://online-fix.me/games/rpg/17993-duel-corp-po-seti.html,rpg,4,4,60657,"26 января 2026, 21:21",2026-01-26T21:21:26+03:00,https://online-fix.me/uploads/posts/2026-01/96777822_poster.jpg,21.01.2026,Steam
Ys vs. Trails in the Sky Alternative Saga по сети,https://online-fix.me/games/fighting/17991-ys-vs-trails-in-the-sky-alternative-saga-po-seti.html,fighting,4,4,23269,"23 января 2026, 00:19",2026-01-23T00:19:41+03:00,https://online-fix.me/uploads/posts/2026-01/3326328545_poster.jpg,10.10.2025,Steam
Scam Line по сети,https://online-fix.me/games/simulator/17988-scam-line-po-seti.html,simulator,8,8,144958,"16 января 2026, 16:54",2026-01-16T16:54:16+03:00,https://online-fix.me/uploads/posts/2026-01/4222623692_poster.jpg,10.01.2026,Steam
Mall Rivals по сети,https://online-fix.me/games/simulator/18046-mall-rivals-po-seti.html,simulator,8,8,118339,"26 марта 2026, 13:08",2026-03-26T13:08:12+03:00,https://online-fix.me/uploads/posts/2026-03/3787605838_poster.jpg,24.03.2026,Steam
DayZ (DayZavr) по сети,https://online-fix.me/games/survival/17320-dayz-dayzavr-po-seti.html,survival,70,475,4727586,"24 марта 2026, 01:34",2026-03-24T01:34:30+03:00,https://online-fix.me/uploads/posts/2026-04/3512073803_poster.jpg,13.12.2018,
LANESPLIT по сети,https://online-fix.me/games/simulator/18033-lanesplit-po-seti.html,simulator,5,5,65071,"13 марта 2026, 20:04",2026-03-13T20:04:54+03:00,https://online-fix.me/uploads/posts/2026-03/3663892457_poster.jpg,29.01.2026,Steam
Fraymakers по сети,https://online-fix.me/games/adventures/18026-fraymakers-po-seti.html,adventures,4,4,34247,"6 марта 2026, 16:40",2026-03-06T16:40:09+03:00,https://online-fix.me/uploads/posts/2026-03/4094731855_poster.jpg,19.01.2023,Steam
Super Battle Golf по сети,https://online-fix.me/games/sandbox/18014-super-battle-golf-po-seti.html,sandbox,16,16,134627,"23 февраля 2026, 12:23",2026-02-23T12:23:21+03:00,https://online-fix.me/uploads/posts/2026-02/863967858_poster.jpg,19.02.2026,Steam
Explosive Odds по сети,https://online-fix.me/games/arcade/17963-explosive-odds-po-seti.html,arcade,4,4,58950,"4 декабря 2025, 22:37",2025-12-04T22:37:11+03:00,https://online-fix.me/uploads/posts/2025-12/3963594988_poster.jpg,24.09.2025,Steam
MARVEL Cosmic Invasion по сети,https://online-fix.me/games/officialservers/17961-marvel-cosmic-invasion-po-seti.html,officialservers,4,,50544,"3 декабря 2025, 16:13",2025-12-03T16:13:32+03:00,https://online-fix.me/uploads/posts/2025-12/2956794637_poster.jpg,01.12.2025,Steam
Project Motor Racing по сети,https://online-fix.me/games/officialservers/17955-project-motor-racing-po-seti.html,officialservers,32,32,45502,"27 ноября 2025, 06:00",2025-11-27T06:00:39+03:00,https://online-fix.me/uploads/posts/2025-11/3961301112_poster.jpg,25.11.2025,Epic Games Store
Boat Together по сети,https://online-fix.me/games/adventures/17987-boat-together-po-seti.html,adventures,8,8,128130,"15 января 2026, 19:21",2026-01-15T19:21:50+03:00,https://online-fix.me/uploads/posts/2026-01/1366657828_poster.jpg,16.11.2025,Steam
KEEP GAMBLING по сети,https://online-fix.me/games/simulator/17986-keep-gambling-po-seti.html,simulator,4,4,100351,"15 января 2026, 19:21",2026-01-15T19:21:48+03:00,https://online-fix.me/uploads/posts/2026-01/359745177_poster.jpg,16.12.2025,Steam
Hytale по сети,https://online-fix.me/games/adventures/17984-hytale-po-seti.html,adventures,?,?,840349,"14 января 2026, 04:33",2026-01-14T04:33:05+03:00,https://online-fix.me/uploads/posts/2026-01/3920743022_poster.jpg,13.01.2026,LAN
Heroes of Valor по сети,https://online-fix.me/games/shooter/17910-heroes-of-valor-po-seti.html,shooter,20,20,24782,"20 октября 2025, 18:21",2025-10-20T18:21:00+03:00,https://online-fix.me/uploads/posts/2025-10/2724342710_poster.jpg,12.06.2025,Steam
CUFFBUST по сети,https://online-fix.me/games/adventures/17908-cuffbust-po-seti.html,adventures,10,10,82976,"17 октября 2025, 03:01",2025-10-17T03:01:28+03:00,https://online-fix.me/uploads/posts/2025-10/1160457112_poster.jpg,15.10.2025,Steam
Call To Arms Panzer Elite по сети,https://online-fix.me/games/simulator/17906-call-to-arms-panzer-elite-po-seti.html,simulator,4,4,36781,"15 октября 2025, 19:36",2025-10-15T19:36:46+03:00,https://online-fix.me/uploads/posts/2025-10/153402785_poster.jpg,19.09.2025,Steam
The Colonists по сети,https://online-fix.me/games/strategy/17905-the-colonists-po-seti.html,strategy,2,2,47641,"14 октября 2025, 15:10",2025-10-14T15:10:34+03:00,https://online-fix.me/uploads/posts/2025-10/3088149901_poster.jpg,24.10.2018,Steam
FORCED Slightly Better Edition по сети,https://online-fix.me/games/adventures/17934-forced-slightly-better-edition-po-seti.html,adventures,4,4,37859,"7 ноября 2025, 19:15",2025-11-07T19:15:59+03:00,https://online-fix.me/uploads/posts/2025-11/1870066299_poster.jpg,24.10.2013,Steam
Biped 2 по сети,https://online-fix.me/games/sandbox/17931-biped-2-po-seti.html,sandbox,4,2vs2,51352,"5 ноября 2025, 18:37",2025-11-05T18:37:35+03:00,https://online-fix.me/uploads/posts/2025-11/1489891659_poster.jpg,05.11.2025,Steam
Europa Universalis V по сети,https://online-fix.me/games/strategy/17930-europa-universalis-v-po-seti.html,strategy,12,12,77156,"4 ноября 2025, 21:06",2025-11-04T21:06:35+03:00,https://online-fix.me/uploads/posts/2025-11/3641965428_poster.jpg,04.11.2025,Steam
Caravanners по сети,https://online-fix.me/games/adventures/17928-caravanners-po-seti.html,adventures,4,0,86138,"3 ноября 2025, 17:20",2025-11-03T17:20:24+03:00,https://online-fix.me/uploads/posts/2025-11/3336146592_poster.jpg,01.11.2025,Steam
EXFIL по сети,https://online-fix.me/games/strategy/17926-exfil-po-seti.html,strategy,32,32,114305,"29 октября 2025, 15:11",2025-10-29T15:11:42+03:00,https://online-fix.me/uploads/posts/2025-10/433911643_poster.jpg,12.12.2024,Steam
VEIN по сети,https://online-fix.me/games/sandbox/17922-vein-po-seti.html,sandbox,32,32,171541,"27 октября 2025, 18:54",2025-10-27T18:54:26+03:00,https://online-fix.me/uploads/posts/2025-10/420015321_poster.jpg,24.10.2025,Steam
Lucky Goal по сети,https://online-fix.me/games/officialservers/17895-lucky-goal-po-seti.html,officialservers,3,12,31724,"7 октября 2025, 17:54",2025-10-07T17:54:38+03:00,https://online-fix.me/uploads/posts/2025-10/3812161302_poster.jpg,01.01.2025,Steam
Polterguys Possession Party по сети,https://online-fix.me/games/officialservers/17870-polterguys-possession-party-po-seti.html,officialservers,4,8,54297,"11 сентября 2025, 13:24",2025-09-11T13:24:47+03:00,https://online-fix.me/uploads/posts/2025-09/3424245195_poster.jpg,17.04.2025,Steam
Junk Survivor по сети,https://online-fix.me/games/sandbox/17859-junk-survivor-po-seti.html,sandbox,10,10,67387,"2 сентября 2025, 17:02",2025-09-02T17:02:18+03:00,https://online-fix.me/uploads/posts/2025-09/586924466_poster.jpg,27.04.2023,Steam
Gears of War Reloaded по сети,https://online-fix.me/games/officialservers/17852-gears-of-war-reloaded-po-seti.html,officialservers,2,8,78821,"27 августа 2025, 17:36",2025-08-27T17:36:12+03:00,https://online-fix.me/uploads/posts/2025-08/3843542854_poster.jpg,26.08.2025,Microsoft Store
The Scouring по сети,https://online-fix.me/games/strategy/17853-the-scouring-po-seti.html,strategy,8,8,54699,"27 августа 2025, 17:36",2025-08-27T17:36:11+03:00,https://online-fix.me/uploads/posts/2025-08/343470352_poster.jpg,12.08.2025,Steam
A Few Quick Matches по сети,https://online-fix.me/games/officialservers/17843-a-few-quick-matches-po-seti.html,officialservers,4,4,81943,"12 августа 2025, 15:00",2025-08-12T15:00:20+03:00,https://online-fix.me/uploads/posts/2025-08/971098749_poster.jpg,05.08.2025,Steam
Titan Quest II по сети,https://online-fix.me/games/rpg/17841-titan-quest-ii-po-seti.html,rpg,4,,88503,"7 августа 2025, 16:32",2025-08-07T16:32:31+03:00,https://online-fix.me/uploads/posts/2025-08/2694207848_poster.jpg,01.08.2025,Steam
Killing Floor 2 по сети,https://online-fix.me/games/officialservers/17834-killing-floor-2-po-seti.html,officialservers,6,12,78012,"4 августа 2025, 19:49",2025-08-04T19:49:56+03:00,https://online-fix.me/uploads/posts/2025-08/624707431_poster.jpg,09.07.2020,Epic Games Store
Bogos Binted по сети,https://online-fix.me/games/simulator/17832-bogos-binted-po-seti.html,simulator,4,,103480,"31 июля 2025, 23:18",2025-07-31T23:18:27+03:00,https://online-fix.me/uploads/posts/2025-07/3769240273_poster.jpg,24.07.2025,Steam
Mage Arena по сети,https://online-fix.me/games/fighting/17825-mage-arena-po-seti.html,fighting,8,8,192626,"28 июля 2025, 17:02",2025-07-28T17:02:14+03:00,https://online-fix.me/uploads/posts/2025-07/2401964818_poster.jpg,24.07.2025,Steam
ZOMBIE RAID No One Survives по сети,https://online-fix.me/games/shooter/17812-zombie-raid-no-one-survives-po-seti.html,shooter,10,10,118461,"26 июня 2025, 14:08",2025-06-26T14:08:09+03:00,https://online-fix.me/uploads/posts/2025-06/2791492553_poster.jpg,12.07.2024,Steam
Card Shop Simulator Multiplayer по сети,https://online-fix.me/games/simulator/17808-card-shop-simulator-multiplayer-po-seti.html,simulator,4,4,110344,"24 июня 2025, 16:27",2025-06-24T16:27:25+03:00,https://online-fix.me/uploads/posts/2025-06/678632782_poster.jpg,18.06.2025,Steam
SCUM по сети,https://online-fix.me/games/survival/17803-scum-po-seti.html,survival,64,64,224418,"18 июня 2025, 17:31",2025-06-18T17:31:07+03:00,https://online-fix.me/uploads/posts/2025-06/2139116017_poster.jpg,17.06.2025,Steam
REMATCH по сети,https://online-fix.me/games/officialservers/17800-rematch-po-seti.html,officialservers,10,10,546946,"16 июня 2025, 21:04",2025-06-16T21:04:12+03:00,https://online-fix.me/uploads/posts/2025-06/1778785546_poster.jpg,19.06.2025,Microsoft Store
Warhammer 40000 Space Marine Master Crafted Edition по сети,https://online-fix.me/games/officialservers/17795-warhammer-40000-space-marine-master-crafted-edition-po-seti.html,officialservers,4,4,118913,"10 июня 2025, 18:43",2025-06-10T18:43:14+03:00,https://online-fix.me/uploads/posts/2025-06/1658746040_poster.jpg,10.06.2025,Steam
SAMURAI WARRIORS 4-II по сети,https://online-fix.me/games/fighting/17793-samurai-warriors-4-ii-po-seti.html,fighting,2,2,41465,"10 июня 2025, 18:43",2025-06-10T18:43:09+03:00,https://online-fix.me/uploads/posts/2025-06/3101197613_poster.jpg,29.09.2015,Steam
DreadHaunt по сети,https://online-fix.me/games/horror/17762-dreadhaunt-po-seti.html,horror,5,5,87933,"6 мая 2025, 16:36",2025-05-06T16:36:11+03:00,https://online-fix.me/uploads/posts/2025-05/496113798_poster.jpg,23.09.2024,Steam
The Jump Guys по сети,https://online-fix.me/games/simulator/17761-the-jump-guys-po-seti.html,simulator,4,4,106988,"1 мая 2025, 19:59",2025-05-01T19:59:46+03:00,https://online-fix.me/uploads/posts/2025-05/2403369947_poster.jpg,23.02.2024,Steam
Battle Realms Zen Edition по сети,https://online-fix.me/games/adventures/17758-battle-realms-zen-edition-po-seti.html,adventures,8,8,74383,"30 апреля 2025, 18:43",2025-04-30T18:43:37+03:00,https://online-fix.me/uploads/posts/2025-04/409506242_poster.jpg,03.12.2019,Steam
Neighbors Suburban Warfare по сети,https://online-fix.me/games/fighting/17750-neighbors-suburban-warfare-po-seti.html,fighting,4vs4,4vs4,161588,"18 апреля 2025, 16:13",2025-04-18T16:13:25+03:00,https://online-fix.me/uploads/posts/2025-04/1639563707_poster.jpg,17.04.2025,Steam
Thrive Heavy Lies The Crown по сети,https://online-fix.me/games/simulator/17749-thrive-heavy-lies-the-crown-po-seti.html,simulator,4,4,94034,"17 апреля 2025, 13:50",2025-04-17T13:50:16+03:00,https://online-fix.me/uploads/posts/2025-04/3818607840_poster.jpg,06.11.2024,Steam
Railroad Corporation 2 по сети,https://online-fix.me/games/simulator/17745-railroad-corporation-2-po-seti.html,simulator,4,4,68042,"14 апреля 2025, 16:27",2025-04-14T16:27:24+03:00,https://online-fix.me/uploads/posts/2025-04/2384446563_poster.jpg,21.10.2024,Steam
SpyFall по сети,https://online-fix.me/games/survival/17790-spyfall-po-seti.html,survival,8,8,81212,"9 июня 2025, 14:44",2025-06-09T14:44:15+03:00,https://online-fix.me/uploads/posts/2025-06/1982667305_poster.jpg,11.02.2025,Steam
The Mosquito Gang по сети,https://online-fix.me/games/arcade/17777-the-mosquito-gang-po-seti.html,arcade,5,5,83938,"27 мая 2025, 18:00",2025-05-27T18:00:49+03:00,https://online-fix.me/uploads/posts/2025-05/2538779007_poster.jpg,20.05.2025,Steam
Jumping Jazz Cats по сети,https://online-fix.me/games/arcade/17776-jumping-jazz-cats-po-seti.html,arcade,9,9,52573,"26 мая 2025, 16:45",2025-05-26T16:45:41+03:00,https://online-fix.me/uploads/posts/2025-05/1850196481_poster.jpg,20.05.2025,Steam
Another Try 2 по сети,https://online-fix.me/games/survival/17773-another-try-2-po-seti.html,survival,?,?,132978,"22 мая 2025, 17:29",2025-05-22T17:29:48+03:00,https://online-fix.me/uploads/posts/2025-05/1644257275_poster.jpg,18.04.2025,Steam
Capcom Fighting Collection 2 по сети,https://online-fix.me/games/fighting/17772-capcom-fighting-collection-2-po-seti.html,fighting,9,9,44884,"21 мая 2025, 22:00",2025-05-21T22:00:31+03:00,https://online-fix.me/uploads/posts/2025-05/3801069177_poster.jpg,16.05.2025,Steam
FPV Kamikaze Drone по сети,https://online-fix.me/games/simulator/17725-fpv-kamikaze-drone-po-seti.html,simulator,10,10,95367,"21 марта 2025, 23:33",2025-03-21T23:33:50+03:00,https://online-fix.me/uploads/posts/2025-03/2728670068_poster.jpg,15.12.2023,Steam
Store Wars Multiplayer Shop Simulator по сети,https://online-fix.me/games/simulator/17720-store-wars-multiplayer-shop-simulator-po-seti.html,simulator,16,16,99743,"19 марта 2025, 21:50",2025-03-19T21:50:25+03:00,https://online-fix.me/uploads/posts/2025-03/856116426_poster.jpg,19.12.2024,Steam
Sonic and All-Stars Racing Transformed Collection по сети,https://online-fix.me/games/racing/17713-sonic-and-all-stars-racing-transformed-collection-po-seti.html,racing,10,10,97580,"27 февраля 2025, 21:33",2025-02-27T21:33:28+03:00,https://online-fix.me/uploads/posts/2025-02/2393677185_poster.jpg,31.01.2013,Steam
Songs of Silence по сети,https://online-fix.me/games/strategy/17708-songs-of-silence-po-seti.html,strategy,6,6,87225,"25 февраля 2025, 15:55",2025-02-25T15:55:14+03:00,https://online-fix.me/uploads/posts/2025-02/2307465063_poster.jpg,13.11.2024,Steam
Lonely Mountains Snow Riders по сети,https://online-fix.me/games/officialservers/17702-lonely-mountains-snow-riders-po-seti.html,officialservers,8,8,84829,"20 февраля 2025, 17:00",2025-02-20T17:00:07+03:00,https://online-fix.me/uploads/posts/2025-02/1210822581_poster.jpg,21.01.2025,Microsoft Store
Goofy Gorillas по сети,https://online-fix.me/games/adventures/17696-goofy-gorillas-po-seti.html,adventures,10,10,109836,"14 февраля 2025, 23:08",2025-02-14T23:08:51+03:00,https://online-fix.me/uploads/posts/2025-02/1448283336_poster.jpg,01.12.2023,Steam
Squad по сети,https://online-fix.me/games/shooter/17695-squad-po-seti.html,shooter,100,100,219035,"12 февраля 2025, 18:43",2025-02-12T18:43:02+03:00,https://online-fix.me/uploads/posts/2025-02/2096737062_poster.jpg,23.09.2020,Steam
DRAGON BALL XENOVERSE по сети,https://online-fix.me/games/fighting/17673-dragon-ball-xenoverse-po-seti.html,fighting,2,8,85075,"16 января 2025, 16:19",2025-01-16T16:19:20+03:00,https://online-fix.me/uploads/posts/2025-01/1835563496_poster.jpg,27.02.2015,Steam
FREEDOM WARS Remastered по сети,https://online-fix.me/games/adventures/17670-freedom-wars-remastered-po-seti.html,adventures,8,8,74682,"15 января 2025, 20:33",2025-01-15T20:33:43+03:00,https://online-fix.me/uploads/posts/2025-01/1416024921_poster.jpg,10.01.2025,Steam
ZEPHON по сети,https://online-fix.me/games/strategy/17667-zephon-po-seti.html,strategy,12,12,78638,"13 января 2025, 13:26",2025-01-13T13:26:44+03:00,https://online-fix.me/uploads/posts/2025-01/3831669922_poster.jpg,08.11.2024,Steam
Battle Talent по сети,https://online-fix.me/games/officialservers/17649-battle-talent-po-seti.html,officialservers,3,3,166128,"5 декабря 2024, 18:18",2024-12-05T18:18:35+03:00,https://online-fix.me/uploads/posts/2024-12/1743328708_poster.jpg,01.06.2023,Steam
The Jackbox Survey Scramble по сети,https://online-fix.me/games/officialservers/17647-the-jackbox-survey-scramble-po-seti.html,officialservers,?,?,88738,"4 декабря 2024, 02:45",2024-12-04T02:45:55+03:00,https://online-fix.me/uploads/posts/2024-12/654918776_poster.jpg,24.10.2024,Steam
Survivor World по сети,https://online-fix.me/games/survival/17609-survivor-world-po-seti.html,survival,12,12,140799,"15 октября 2024, 11:35",2024-10-15T11:35:41+03:00,https://online-fix.me/uploads/posts/2024-10/3846705373_poster.jpg,01.07.2024,Steam
ATLYSS по сети,https://online-fix.me/games/rpg/17644-atlyss-po-seti.html,rpg,16,16,118910,"2 декабря 2024, 17:36",2024-12-02T17:36:27+03:00,https://online-fix.me/uploads/posts/2024-12/3211268865_poster.jpg,23.11.2024,Steam
Werewolf Party по сети,https://online-fix.me/games/survival/17639-werewolf-party-po-seti.html,survival,11,11,95745,"27 ноября 2024, 16:23",2024-11-27T16:23:20+03:00,https://online-fix.me/uploads/posts/2024-11/4039682160_poster.jpg,07.06.2024,Steam
ICBM Escalation по сети,https://online-fix.me/games/strategy/17637-icbm-escalation-po-seti.html,strategy,10,10,121266,"25 ноября 2024, 14:32",2024-11-25T14:32:51+03:00,https://online-fix.me/uploads/posts/2024-11/2405145038_poster.jpg,21.11.2024,Steam
Microsoft Flight Simulator 2024 по сети,https://online-fix.me/games/officialservers/17634-microsoft-flight-simulator-2024-po-seti.html,officialservers,∞,∞,296083,"21 ноября 2024, 12:53",2024-11-21T12:53:14+03:00,https://online-fix.me/uploads/posts/2024-11/3665663036_poster.jpg,19.11.2024,Microsoft Store
Unrailed 2 Back on Track по сети,https://online-fix.me/games/officialservers/17626-unrailed-2-back-on-track-po-seti.html,officialservers,4,,188336,"8 ноября 2024, 19:10",2024-11-08T19:10:38+03:00,https://online-fix.me/uploads/posts/2026-07/3744498524_poster.jpg,11.06.2026,Steam
MARVEL vs. CAPCOM Fighting Collection Arcade Classics по сети,https://online-fix.me/games/fighting/17590-marvel-vs-capcom-fighting-collection-arcade-classics-po-seti.html,fighting,9,9,105698,"19 сентября 2024, 21:43",2024-09-19T21:43:45+03:00,https://online-fix.me/uploads/posts/2024-09/3866350661_poster.jpg,12.09.2024,Steam
Test Drive Unlimited Solar Crown по сети,https://online-fix.me/games/officialservers/17586-test-drive-unlimited-solar-crown-po-seti.html,officialservers,?,?,227081,"17 сентября 2024, 12:47",2024-09-17T12:47:38+03:00,https://online-fix.me/uploads/posts/2024-09/1480654002_poster.jpg,12.09.2024,Steam
PICO PARK 2 по сети,https://online-fix.me/games/puzzles/17585-pico-park-2-po-seti.html,puzzles,8,,220559,"17 сентября 2024, 00:28",2024-09-17T00:28:33+03:00,https://online-fix.me/uploads/posts/2024-09/3845860499_poster.jpg,12.09.2024,Steam
DOOM + DOOM II по сети,https://online-fix.me/games/officialservers/17584-doom-doom-ii-po-seti.html,officialservers,16,16,110024,"11 сентября 2024, 17:29",2024-09-11T17:29:57+03:00,https://online-fix.me/uploads/posts/2024-09/889927399_poster.jpg,30.04.1995,Steam
Marvel Ultimate Alliance 2 по сети,https://online-fix.me/games/adventures/17583-marvel-ultimate-alliance-2-po-seti.html,adventures,4,4,127772,"11 сентября 2024, 17:28",2024-09-11T17:28:45+03:00,https://online-fix.me/uploads/posts/2024-09/4144785094_poster.jpg,26.07.2016,Steam
CarX Street по сети,https://online-fix.me/games/officialservers/17579-carx-street-po-seti.html,officialservers,?,?,222441,"4 сентября 2024, 18:42",2024-09-04T18:42:28+03:00,https://online-fix.me/uploads/posts/2024-09/3530331144_poster.jpg,29.08.2024,Steam
Marvel Ultimate Alliance по сети,https://online-fix.me/games/arcade/17578-marvel-ultimate-alliance-po-seti.html,arcade,4,4,122197,"3 сентября 2024, 18:25",2024-09-03T18:25:46+03:00,https://online-fix.me/uploads/posts/2024-09/260940169_poster.jpg,26.07.2016,Steam
Dale and Dawson Stationery Supplies по сети,https://online-fix.me/games/adventures/17577-dale-and-dawson-stationery-supplies-po-seti.html,adventures,22,22,211955,"2 сентября 2024, 14:29",2024-09-02T14:29:02+03:00,https://online-fix.me/uploads/posts/2024-09/4169856864_poster.jpg,30.08.2024,Steam
Age of Mythology Retold по сети,https://online-fix.me/games/officialservers/17574-age-of-mythology-retold-po-seti.html,officialservers,12,12,220585,"29 августа 2024, 19:28",2024-08-29T19:28:34+03:00,https://online-fix.me/uploads/posts/2024-08/3165015751_poster.jpg,04.09.2024,Microsoft Store
Sapiens по сети,https://online-fix.me/games/sandbox/17575-sapiens-po-seti.html,sandbox,?,?,158125,"29 августа 2024, 19:28",2024-08-29T19:28:32+03:00,https://online-fix.me/uploads/posts/2024-08/1509063702_poster.jpg,26.07.2022,Steam
Sins of a Solar Empire II по сети,https://online-fix.me/games/officialservers/17569-sins-of-a-solar-empire-ii-po-seti.html,officialservers,10,10,126945,"20 августа 2024, 18:57",2024-08-20T18:57:29+03:00,https://online-fix.me/uploads/posts/2024-08/677579809_poster.jpg,15.08.2024,Epic Games Store
Prisoners по сети,https://online-fix.me/games/officialservers/17568-prisoners-po-seti.html,officialservers,10,10,209527,"19 августа 2024, 20:43",2024-08-19T20:43:00+03:00,https://online-fix.me/uploads/posts/2024-08/4015063168_poster.jpg,15.08.2024,Steam
LOCKDOWN Protocol по сети,https://online-fix.me/games/adventures/17566-lockdown-protocol-po-seti.html,adventures,8,8,448171,"31 июля 2024, 20:44",2024-07-31T20:44:36+03:00,https://online-fix.me/uploads/posts/2024-07/1136745836_poster.jpg,22.07.2024,Steam
TerraScape по сети,https://online-fix.me/games/strategy/17564-terrascape-po-seti.html,strategy,?,?,180029,"30 июля 2024, 16:47",2024-07-30T16:47:35+03:00,https://online-fix.me/uploads/posts/2024-07/582107043_poster.jpg,17.07.2024,Steam
KitHack Model Club по сети,https://online-fix.me/games/sandbox/17559-kithack-model-club-po-seti.html,sandbox,8,8,179241,"25 июля 2024, 10:54",2024-07-25T10:54:37+03:00,https://online-fix.me/uploads/posts/2024-07/3535152482_poster.jpg,15.04.2024,Steam
Feather Party по сети,https://online-fix.me/games/officialservers/17558-feather-party-po-seti.html,officialservers,8,8,179078,"25 июля 2024, 10:54",2024-07-25T10:54:35+03:00,https://online-fix.me/uploads/posts/2024-07/4170542210_poster.jpg,03.05.2024,Steam
Only Up SKIBIDI TOGETHER по сети,https://online-fix.me/games/simulator/17557-only-up-skibidi-together-po-seti.html,simulator,8,8,258575,"18 июля 2024, 12:12",2024-07-18T12:12:49+03:00,https://online-fix.me/uploads/posts/2024-07/2663988944_poster.jpg,12.07.2024,Steam
Observe and Report по сети,https://online-fix.me/games/puzzles/17553-observe-and-report-po-seti.html,puzzles,?,?,275778,"10 июля 2024, 18:00",2024-07-10T18:00:50+03:00,https://online-fix.me/uploads/posts/2024-07/1188044063_poster.jpg,01.06.2024,Steam
Bloodstained Ritual of the Night по сети,https://online-fix.me/games/fighting/17549-bloodstained-ritual-of-the-night-po-seti.html,fighting,2,2,251765,"5 июля 2024, 13:18",2024-07-05T13:18:01+03:00,https://online-fix.me/uploads/posts/2024-07/4085222409_poster.jpg,19.06.2019,Steam
MEGATON MUSASHI W WIRED по сети,https://online-fix.me/games/adventures/17546-megaton-musashi-w-wired-po-seti.html,adventures,3,3,236767,"3 июля 2024, 18:04",2024-07-03T18:04:27+03:00,https://online-fix.me/uploads/posts/2024-07/592811686_poster.jpg,25.04.2024,Steam
Night of the Dead по сети,https://online-fix.me/games/survival/16470-night-of-the-dead-po-seti.html,survival,?,?,484175,"27 июня 2024, 14:10",2024-06-27T14:10:53+03:00,https://online-fix.me/uploads/posts/2024-06/947600734_poster.jpg,31.05.2024,Steam
Goons Legends Mayhem по сети,https://online-fix.me/games/officialservers/17536-goons-legends-mayhem-po-seti.html,officialservers,6,6,652526,"19 июня 2024, 22:28",2024-06-19T22:28:51+03:00,https://online-fix.me/uploads/posts/2024-06/2853405012_poster.jpg,11.04.2024,Steam
Knock Em Out по сети,https://online-fix.me/games/officialservers/17530-knock-em-out-po-seti.html,officialservers,8,8,1168137,"12 июня 2024, 13:24",2024-06-12T13:24:11+03:00,https://online-fix.me/uploads/posts/2024-06/3952537379_poster.jpg,04.04.2024,Steam
Bodycam по сети,https://online-fix.me/games/officialservers/17452-bodycam-po-seti.html,officialservers,?,?,2152160,"6 июня 2024, 19:32",2024-06-06T19:32:00+03:00,https://online-fix.me/uploads/posts/2024-02/1809660444_poster.jpg,07.06.2024,Steam
Soulmask по сети,https://online-fix.me/games/sandbox/17524-soulmask-po-seti.html,sandbox,50,50,1958249,"31 мая 2024, 16:04",2024-05-31T16:04:32+03:00,https://online-fix.me/uploads/posts/2026-04/3050510394_poster.jpg,10.04.2026,Steam
Eggstraction по сети,https://online-fix.me/games/survival/17520-eggstraction-po-seti.html,survival,4vs1,4vs1,2244308,"24 мая 2024, 15:42",2024-05-24T15:42:16+03:00,https://online-fix.me/uploads/posts/2024-05/2877725880_poster.jpg,10.05.2024,Steam
Men of War II по сети,https://online-fix.me/games/officialservers/17519-men-of-war-ii-po-seti.html,officialservers,10,10,2203135,"23 мая 2024, 19:55",2024-05-23T19:55:38+03:00,https://online-fix.me/uploads/posts/2024-05/880693705_poster.jpg,15.05.2024,Epic Games Store
NEBULOUS Fleet Command по сети,https://online-fix.me/games/strategy/17518-nebulous-fleet-command-po-seti.html,strategy,10,10,2204308,"23 мая 2024, 00:14",2024-05-23T00:14:07+03:00,https://online-fix.me/uploads/posts/2024-05/3060034025_poster.jpg,11.02.2022,Steam
Spanky по сети,https://online-fix.me/games/adventures/17512-spanky-po-seti.html,adventures,8,8,2409143,"15 мая 2024, 13:37",2024-05-15T13:37:09+03:00,https://online-fix.me/uploads/posts/2024-05/1671001677_poster.jpg,30.04.2024,Steam
V Rising по сети,https://online-fix.me/games/survival/16997-v-rising-po-seti.html,survival,40,40,2622868,"8 мая 2024, 19:32",2024-05-08T19:32:08+03:00,https://online-fix.me/uploads/posts/2024-05/3260847121_poster.jpg,08.05.2024,Steam
Kill It With Fire 2 по сети,https://online-fix.me/games/sandbox/17499-kill-it-with-fire-2-po-seti.html,sandbox,4,8,1693471,"23 апреля 2024, 14:58",2024-04-23T14:58:09+03:00,https://online-fix.me/uploads/posts/2024-04/2265424047_poster.jpg,16.04.2024,Steam
Headquarters World War II по сети,https://online-fix.me/games/officialservers/17496-headquarters-world-war-ii-po-seti.html,officialservers,4,4,1453238,"16 апреля 2024, 20:09",2024-04-16T20:09:04+03:00,https://online-fix.me/uploads/posts/2024-04/4083591483_poster.jpg,11.04.2024,Steam
Mechanic Heroes по сети,https://online-fix.me/games/sandbox/17494-mechanic-heroes-po-seti.html,sandbox,4,4,1424127,"12 апреля 2024, 18:45",2024-04-12T18:45:21+03:00,https://online-fix.me/uploads/posts/2024-04/2756621898_poster.jpg,15.12.2023,Steam
Powerlust по сети,https://online-fix.me/games/officialservers/17491-powerlust-po-seti.html,officialservers,4,4,1307365,"10 апреля 2024, 16:10",2024-04-10T16:10:56+03:00,https://online-fix.me/uploads/posts/2024-04/1900027938_poster.jpg,19.02.2024,
Driftland The Magic Revival по сети,https://online-fix.me/games/simulator/17489-driftland-the-magic-revival-po-seti.html,simulator,4,6,1252795,"8 апреля 2024, 21:05",2024-04-08T21:05:01+03:00,https://online-fix.me/uploads/posts/2024-04/98992050_poster.jpg,18.04.2019,Steam
Rogue Masters по сети,https://online-fix.me/games/adventures/17487-rogue-masters-po-seti.html,adventures,6,6,1165237,"5 апреля 2024, 20:21",2024-04-05T20:21:28+03:00,https://online-fix.me/uploads/posts/2024-04/592155309_poster.jpg,01.12.2023,Steam
Godsworn по сети,https://online-fix.me/games/strategy/17480-godsworn-po-seti.html,strategy,3,8,884998,"2 апреля 2024, 00:16",2024-04-02T00:16:48+03:00,https://online-fix.me/uploads/posts/2024-04/1053598037_poster.jpg,28.03.2024,Steam
Oh Deer по сети,https://online-fix.me/games/survival/17471-oh-deer-po-seti.html,survival,4+1,4+1,458386,"18 марта 2024, 21:35",2024-03-18T21:35:31+03:00,https://online-fix.me/uploads/posts/2024-03/1650413712_poster.jpg,15.03.2024,Steam
9-Bit Armies A Bit Too Far по сети,https://online-fix.me/games/strategy/17469-9-bit-armies-a-bit-too-far-po-seti.html,strategy,2,8,373637,"13 марта 2024, 19:20",2024-03-13T19:20:14+03:00,https://online-fix.me/uploads/posts/2024-03/3641561659_poster.jpg,23.02.2024,Steam
Myth of Empires по сети,https://online-fix.me/games/survival/17468-myth-of-empires-po-seti.html,survival,100,100,383183,"12 марта 2024, 19:46",2024-03-12T19:46:55+03:00,https://online-fix.me/uploads/posts/2024-03/1506240556_poster.jpg,21.02.2024,Steam
Cricket 24 по сети,https://online-fix.me/games/officialservers/17463-cricket-24-po-seti.html,officialservers,2,2,183193,"5 марта 2024, 21:49",2024-03-05T21:49:31+03:00,https://online-fix.me/uploads/posts/2024-03/1056009937_poster.jpg,05.10.2023,Microsoft Store
Constructor Plus по сети,https://online-fix.me/games/simulator/17446-constructor-plus-po-seti.html,simulator,4,4,66268,"6 февраля 2024, 16:41",2024-02-06T16:41:00+03:00,https://online-fix.me/uploads/posts/2024-02/3286777210_poster.jpg,27.05.2019,Steam
Jujutsu Kaisen Cursed Clash по сети,https://online-fix.me/games/fighting/17445-jujutsu-kaisen-cursed-clash-po-seti.html,fighting,4,2,152605,"5 февраля 2024, 19:13",2024-02-05T19:13:55+03:00,https://online-fix.me/uploads/posts/2024-02/1039554819_poster.jpg,02.02.2024,Steam
Make Way по сети,https://online-fix.me/games/racing/17443-make-way-po-seti.html,racing,4,4,68822,"1 февраля 2024, 19:57",2024-02-01T19:57:01+03:00,https://online-fix.me/uploads/posts/2024-02/1177756802_poster.jpg,04.12.2023,Steam
Pocket Bravery по сети,https://online-fix.me/games/fighting/17431-pocket-bravery-po-seti.html,fighting,14,14,19651,"23 января 2024, 20:35",2024-01-23T20:35:45+03:00,https://online-fix.me/uploads/posts/2024-01/2807197932_poster.jpg,31.08.2023,Steam
Ultimate Marvel Vs Capcom 3 по сети,https://online-fix.me/games/fighting/17432-ultimate-marvel-vs-capcom-3-po-seti.html,fighting,8,8,44096,"23 января 2024, 20:35",2024-01-23T20:35:41+03:00,https://online-fix.me/uploads/posts/2024-01/2200611164_poster.jpg,07.03.2017,Steam
Zombie Survival Game Online по сети,https://online-fix.me/games/survival/17424-zombie-survival-game-online-po-seti.html,survival,10,10,50367,"11 января 2024, 21:25",2024-01-11T21:25:00+03:00,https://online-fix.me/uploads/posts/2024-01/3539879226_poster.jpg,20.12.2023,Steam
Nuclear Option по сети,https://online-fix.me/games/simulator/17423-nuclear-option-po-seti.html,simulator,16,16,82252,"11 января 2024, 21:24",2024-01-11T21:24:53+03:00,https://online-fix.me/uploads/posts/2024-01/1431654969_poster.jpg,16.10.2023,Steam
Stellaris Nexus по сети,https://online-fix.me/games/strategy/17421-stellaris-nexus-po-seti.html,strategy,8,8,34913,"8 января 2024, 19:31",2024-01-08T19:31:57+03:00,https://online-fix.me/uploads/posts/2024-01/474734688_poster.jpg,12.12.2023,Steam
Strike Force Heroes по сети,https://online-fix.me/games/shooter/17414-strike-force-heroes-po-seti.html,shooter,256,256,36900,"19 декабря 2023, 20:44",2023-12-19T20:44:01+03:00,https://online-fix.me/uploads/posts/2023-12/2284741868_poster.jpg,10.11.2023,Steam
Oxygen Not Included по сети,https://online-fix.me/games/survival/17411-oxygen-not-included-po-seti.html,survival,16,16,83685,"15 декабря 2023, 22:38",2023-12-15T22:38:39+03:00,https://online-fix.me/uploads/posts/2023-12/3613316403_poster.jpg,30.07.2019,Steam
Clone Drone in the Danger Zone по сети,https://online-fix.me/games/shooter/17406-clone-drone-in-the-danger-zone-po-seti.html,shooter,5,16,92927,"9 декабря 2023, 03:52",2023-12-09T03:52:14+03:00,https://online-fix.me/uploads/posts/2023-12/1173225941_poster.jpg,27.07.2021,Microsoft Store
Hood Outlaws Legends по сети,https://online-fix.me/games/rpg/17402-hood-outlaws-legends-po-seti.html,rpg,?,?,59679,"4 декабря 2023, 23:24",2023-12-04T23:24:20+03:00,https://online-fix.me/uploads/posts/2023-12/3682294009_poster.jpg,10.05.2021,Epic Games Store
100% Orange Juice по сети,https://online-fix.me/games/strategy/17396-100-orange-juice-po-seti.html,strategy,4,4,17182,"30 ноября 2023, 22:56",2023-11-30T22:56:34+03:00,https://online-fix.me/uploads/posts/2023-11/1102137334_poster.jpg,10.09.2013,Steam
Gears 5 по сети,https://online-fix.me/games/shooter/17389-gears-5-po-seti.html,shooter,3,20,72486,"28 ноября 2023, 18:39",2023-11-28T18:39:40+03:00,https://online-fix.me/uploads/posts/2023-11/4285055124_poster.jpg,10.09.2018,Microsoft Store
Gears of War 4 по сети,https://online-fix.me/games/shooter/17385-gears-of-war-4-po-seti.html,shooter,2,12,50756,"22 ноября 2023, 20:00",2023-11-22T20:00:41+03:00,https://online-fix.me/uploads/posts/2023-11/1099259532_poster.jpg,11.10.2016,Microsoft Store
Gears of War Ultimate Edition по сети,https://online-fix.me/games/shooter/17382-gears-of-war-ultimate-edition-po-seti.html,shooter,2,8,51284,"17 ноября 2023, 20:59",2023-11-17T20:59:15+03:00,https://online-fix.me/uploads/posts/2023-11/1466122379_poster.jpg,01.03.2016,Microsoft Store
ARK Survival Ascended по сети,https://online-fix.me/games/survival/17371-ark-survival-ascended-po-seti.html,survival,70,70,342367,"30 октября 2023, 19:57",2023-10-30T19:57:20+03:00,https://online-fix.me/uploads/posts/2023-10/1096545087_poster.jpg,26.10.2023,Steam
Galactic Civilizations IV по сети,https://online-fix.me/games/strategy/17366-galactic-civilizations-iv-po-seti.html,strategy,4,4,22012,"24 октября 2023, 17:06",2023-10-24T17:06:43+03:00,https://online-fix.me/uploads/posts/2023-10/1775751758_poster.jpg,19.10.2023,Steam
Software Inc по сети,https://online-fix.me/games/simulator/17355-software-inc-po-seti.html,simulator,4,4,41187,"16 октября 2023, 18:15",2023-10-16T18:15:25+03:00,https://online-fix.me/uploads/posts/2023-10/958340832_poster.jpg,01.05.2015,Steam
Lords of the Fallen по сети,https://online-fix.me/games/sandbox/17354-lords-of-the-fallen-po-seti.html,sandbox,2,2,297993,"13 октября 2023, 22:36",2023-10-13T22:36:40+03:00,https://online-fix.me/uploads/posts/2023-10/1376697073_poster.jpg,13.10.2023,Steam
The Front по сети,https://online-fix.me/games/sandbox/17353-the-front-po-seti.html,sandbox,80,80,134098,"13 октября 2023, 22:36",2023-10-13T22:36:34+03:00,https://online-fix.me/uploads/posts/2023-10/1087593183_poster.jpg,11.10.2023,Steam
Dokapon Kingdom Connect по сети,https://online-fix.me/games/rpg/17349-dokapon-kingdom-connect-po-seti.html,rpg,4,4,20572,"10 октября 2023, 14:59",2023-10-10T14:59:34+03:00,https://online-fix.me/uploads/posts/2023-10/3442747645_poster.jpg,07.09.2023,Steam
Forza Motorsport по сети,https://online-fix.me/games/officialservers/17347-forza-motorsport-po-seti.html,officialservers,?,?,360024,"5 октября 2023, 18:37",2023-10-05T18:37:10+03:00,https://online-fix.me/uploads/posts/2023-10/1462284468_poster.jpg,11.10.2023,Steam
Saleblazers по сети,https://online-fix.me/games/survival/17345-saleblazers-po-seti.html,survival,8,8,40172,"3 октября 2023, 20:25",2023-10-03T20:25:20+03:00,https://online-fix.me/uploads/posts/2023-10/3940371747_poster.jpg,29.09.2023,Steam
Horizon Chase 2 по сети,https://online-fix.me/games/racing/17341-horizon-chase-2-po-seti.html,racing,4,,28944,"28 сентября 2023, 18:20",2023-09-28T18:20:39+03:00,https://online-fix.me/uploads/posts/2023-09/2813328846_poster.jpg,14.09.2023,Epic Games Store
Cosmoteer Starship Architect and Commander по сети,https://online-fix.me/games/strategy/17339-cosmoteer-starship-architect-and-commander-po-seti.html,strategy,4,8,36047,"25 сентября 2023, 12:54",2023-09-25T12:54:25+03:00,https://online-fix.me/uploads/posts/2023-09/212046196_poster.jpg,24.10.2022,Steam
HumanitZ по сети,https://online-fix.me/games/officialservers/17336-humanitz-po-seti.html,officialservers,16,16,144905,"20 сентября 2023, 16:22",2023-09-20T16:22:36+03:00,https://online-fix.me/uploads/posts/2026-02/2720266568_poster.jpg,06.02.2026,Steam
Sword Art Online Fatal Bullet по сети,https://online-fix.me/games/rpg/17330-sword-art-online-fatal-bullet-po-seti.html,rpg,4,8,65643,"5 сентября 2023, 15:50",2023-09-05T15:50:44+03:00,https://online-fix.me/uploads/posts/2023-09/678411339_poster.jpg,23.02.2018,Steam
Desynced по сети,https://online-fix.me/games/strategy/17317-desynced-po-seti.html,strategy,8,8,34899,"16 августа 2023, 18:50",2023-08-16T18:50:54+03:00,https://online-fix.me/uploads/posts/2023-08/3436905221_poster.jpg,15.08.2023,Steam
Fallout 76 по сети,https://online-fix.me/games/sandbox/17313-fallout-76-po-seti.html,sandbox,32,32,217761,"11 августа 2023, 20:47",2023-08-11T20:47:16+03:00,https://online-fix.me/uploads/posts/2023-08/1531651590_poster.jpg,09.07.2020,Microsoft Store
ULTRAKILL по сети,https://online-fix.me/games/shooter/17305-ultrakill-po-seti.html,shooter,?,?,133873,"1 августа 2023, 13:02",2023-08-01T13:02:25+03:00,https://online-fix.me/uploads/posts/2023-08/1035865752_poster.jpg,03.09.2020,Steam
Cook-Out по сети,https://online-fix.me/games/simulator/17299-cook-out-po-seti.html,simulator,4,4,42376,"21 июля 2023, 13:37",2023-07-21T13:37:19+03:00,https://online-fix.me/uploads/posts/2023-07/87910928_poster.jpg,20.04.2021,Steam
Feudal Friends по сети,https://online-fix.me/games/strategy/17297-feudal-friends-po-seti.html,strategy,4,2,32617,"19 июля 2023, 19:06",2023-07-19T19:06:05+03:00,https://online-fix.me/uploads/posts/2023-07/1268310136_poster.jpg,17.07.2023,Steam
Techtonica по сети,https://online-fix.me/games/sandbox/17296-techtonica-po-seti.html,sandbox,4,,47670,"18 июля 2023, 20:34",2023-07-18T20:34:26+03:00,https://online-fix.me/uploads/posts/2023-07/1689445728_poster.jpg,18.07.2023,Steam
Extremely Realistic Siege Warfare Simulator по сети,https://online-fix.me/games/strategy/17293-extremely-realistic-siege-warfare-simulator-po-seti.html,strategy,4,8,33395,"12 июля 2023, 17:27",2023-07-12T17:27:58+03:00,https://online-fix.me/uploads/posts/2023-07/3593123408_poster.jpg,08.09.2022,Steam
Serious Fun Football по сети,https://online-fix.me/games/arcade/17290-serious-fun-football-po-seti.html,arcade,6,6,33790,"10 июля 2023, 15:23",2023-07-10T15:23:00+03:00,https://online-fix.me/uploads/posts/2023-07/2016917000_poster.jpg,14.07.2022,Steam
Heist Kitty Multiplayer Cat Simulator Game по сети,https://online-fix.me/games/simulator/17281-heist-kitty-multiplayer-cat-simulator-game-po-seti.html,simulator,?,?,31852,"27 июня 2023, 16:41",2023-06-27T16:41:36+03:00,https://online-fix.me/uploads/posts/2023-06/1343914453_poster.jpg,13.06.2023,Steam
Its Only Money по сети,https://online-fix.me/games/simulator/17280-its-only-money-po-seti.html,simulator,4,,49052,"27 июня 2023, 15:37",2023-06-27T15:37:46+03:00,https://online-fix.me/uploads/posts/2023-06/2744260965_poster.jpg,16.06.2023,Steam
Worms Clan Wars по сети,https://online-fix.me/games/sandbox/17278-worms-clan-wars-po-seti.html,sandbox,4,4,40270,"23 июня 2023, 15:44",2023-06-23T15:44:52+03:00,https://online-fix.me/uploads/posts/2023-06/4167455897_poster.jpg,15.08.2013,Steam
Modbox по сети,https://online-fix.me/games/sandbox/17276-modbox-po-seti.html,sandbox,10,10,30335,"22 июня 2023, 18:33",2023-06-22T18:33:37+03:00,https://online-fix.me/uploads/posts/2023-06/656362870_poster.jpg,05.04.2016,Steam
Mechabellum по сети,https://online-fix.me/games/strategy/17273-mechabellum-po-seti.html,strategy,2,4,51644,"16 июня 2023, 16:03",2023-06-16T16:03:22+03:00,https://online-fix.me/uploads/posts/2023-06/75227940_poster.jpg,11.05.2023,Steam
ICARUS по сети,https://online-fix.me/games/sandbox/17268-icarus-po-seti.html,sandbox,8,8,325536,"9 июня 2023, 13:15",2023-06-09T13:15:24+03:00,https://online-fix.me/uploads/posts/2023-06/3014653760_poster.jpg,03.12.2021,Steam
The RPG Engine по сети,https://online-fix.me/games/sandbox/17267-the-rpg-engine-po-seti.html,sandbox,?,?,38804,"9 июня 2023, 13:14",2023-06-09T13:14:48+03:00,https://online-fix.me/uploads/posts/2023-06/1873275065_poster.jpg,06.01.2022,Steam
Glitch Busters Stuck On You по сети,https://online-fix.me/games/shooter/17266-glitch-busters-stuck-on-you-po-seti.html,shooter,4,4,26860,"6 июня 2023, 16:26",2023-06-06T16:26:35+03:00,https://online-fix.me/uploads/posts/2023-06/3247616633_poster.jpg,23.05.2023,Steam
Friends vs Friends по сети,https://online-fix.me/games/shooter/17264-friends-vs-friends-po-seti.html,shooter,2,4,84402,"1 июня 2023, 21:29",2023-06-01T21:29:08+03:00,https://online-fix.me/uploads/posts/2023-06/3715928445_poster.jpg,30.05.2023,Steam
Ratty Catty по сети,https://online-fix.me/games/survival/17261-ratty-catty-po-seti.html,survival,4,4,53482,"29 мая 2023, 16:49",2023-05-29T16:49:36+03:00,https://online-fix.me/uploads/posts/2023-05/1979974117_poster.jpg,27.07.2017,Steam
Silica по сети,https://online-fix.me/games/strategy/17260-silica-po-seti.html,strategy,36,36,61252,"22 мая 2023, 21:32",2023-05-22T21:32:38+03:00,https://online-fix.me/uploads/posts/2023-05/1245893380_poster.jpg,03.05.2023,Steam
Screaming Chicken Ultimate Showdown по сети,https://online-fix.me/games/fighting/17256-screaming-chicken-ultimate-showdown-po-seti.html,fighting,2,4,25570,"30 апреля 2023, 19:54",2023-04-30T19:54:37+03:00,https://online-fix.me/uploads/posts/2023-04/3425309286_poster.jpg,13.04.2023,Steam
For The King II по сети,https://online-fix.me/games/officialservers/17250-for-the-king-ii-po-seti.html,officialservers,4,4,185534,"26 апреля 2023, 19:26",2023-04-26T19:26:39+03:00,https://online-fix.me/uploads/posts/2025-05/3685029370_poster.jpg,02.11.2023,Microsoft Store
Sins of a Solar Empire Rebellion по сети,https://online-fix.me/games/strategy/17251-sins-of-a-solar-empire-rebellion-po-seti.html,strategy,10,10,19167,"26 апреля 2023, 19:25",2023-04-26T19:25:16+03:00,https://online-fix.me/uploads/posts/2023-04/990749296_poster.jpg,12.06.2012,Microsoft Store
Battlefleet Gothic Armada 2 по сети,https://online-fix.me/games/strategy/17245-battlefleet-gothic-armada-2-po-seti.html,strategy,2,2,33004,"21 апреля 2023, 21:59",2023-04-21T21:59:55+03:00,https://online-fix.me/uploads/posts/2023-04/689293881_poster.jpg,24.01.2019,Microsoft Store
Minecraft Legends по сети,https://online-fix.me/games/adventures/17244-minecraft-legends-po-seti.html,adventures,?,?,144574,"18 апреля 2023, 23:57",2023-04-18T23:57:16+03:00,https://online-fix.me/uploads/posts/2023-04/3588592237_poster.jpg,18.04.2023,Microsoft Store
Out of Reach по сети,https://online-fix.me/games/survival/17241-out-of-reach-po-seti.html,survival,5,100,40978,"31 марта 2023, 13:11",2023-03-31T13:11:52+03:00,https://online-fix.me/uploads/posts/2023-03/3497297153_poster.jpg,13.07.2018,Steam
Deceive Inc по сети,https://online-fix.me/games/adventures/17235-deceive-inc-po-seti.html,adventures,?,?,88655,"24 марта 2023, 21:18",2023-03-24T21:18:02+03:00,https://online-fix.me/uploads/posts/2023-03/580264387_poster.jpg,21.03.2023,Epic Games Store
Touge Shakai по сети,https://online-fix.me/games/racing/17229-touge-shakai-po-seti.html,racing,10,10,90864,"14 марта 2023, 21:11",2023-03-14T21:11:45+03:00,https://online-fix.me/uploads/posts/2023-03/3263257214_poster.jpg,08.01.2023,Steam
Ravenfield по сети,https://online-fix.me/games/shooter/17225-ravenfield-po-seti.html,shooter,64,64,106400,"6 марта 2023, 19:41",2023-03-06T19:41:49+03:00,https://online-fix.me/uploads/posts/2023-03/2851206468_poster.jpg,18.05.2017,Steam
From the Depths по сети,https://online-fix.me/games/strategy/17224-from-the-depths-po-seti.html,strategy,?,?,29320,"6 марта 2023, 19:39",2023-03-06T19:39:30+03:00,https://online-fix.me/uploads/posts/2023-03/720843006_poster.jpg,06.11.2020,Steam
Turmoil по сети,https://online-fix.me/games/strategy/17221-turmoil-po-seti.html,strategy,2,2,59172,"24 февраля 2023, 19:43",2023-02-24T19:43:51+03:00,https://online-fix.me/uploads/posts/2023-02/508755387_poster.jpg,02.06.2016,Steam
No One Survived по сети,https://online-fix.me/games/sandbox/17214-no-one-survived-po-seti.html,sandbox,12,12,76720,"20 февраля 2023, 20:39",2023-02-20T20:39:14+03:00,https://online-fix.me/uploads/posts/2023-02/1627387277_poster.jpg,14.01.2023,Steam
Superfuse по сети,https://online-fix.me/games/strategy/17212-superfuse-po-seti.html,strategy,4,4,60567,"18 февраля 2023, 20:01",2023-02-18T20:01:08+03:00,https://online-fix.me/uploads/posts/2023-02/2966517433_poster.jpg,31.01.2023,Steam
I will eat you по сети,https://online-fix.me/games/arcade/17211-i-will-eat-you-po-seti.html,arcade,12,12,34545,"17 февраля 2023, 19:26",2023-02-17T19:26:38+03:00,https://online-fix.me/uploads/posts/2023-02/1367436793_poster.jpg,06.12.2019,Steam
Legion TD 2 по сети,https://online-fix.me/games/strategy/17207-legion-td-2-po-seti.html,strategy,4,8,41610,"14 февраля 2023, 19:06",2023-02-14T19:06:37+03:00,https://online-fix.me/uploads/posts/2023-02/3712875541_poster.jpg,01.10.2021,Steam
Lets Cook по сети,https://online-fix.me/games/sandbox/17204-lets-cook-po-seti.html,sandbox,16,16,40072,"30 января 2023, 01:58",2023-01-30T01:58:03+03:00,https://online-fix.me/uploads/posts/2023-01/1108159423_poster.jpg,10.01.2022,Steam
Creativerse по сети,https://online-fix.me/games/sandbox/17201-creativerse-po-seti.html,sandbox,20,20,45265,"4 января 2023, 19:01",2023-01-04T19:01:17+03:00,https://online-fix.me/uploads/posts/2023-01/1897500913_poster.jpg,08.05.2017,Steam
Shredders по сети,https://online-fix.me/games/simulator/17199-shredders-po-seti.html,simulator,?,?,60428,"4 января 2023, 00:59",2023-01-04T00:59:35+03:00,https://online-fix.me/uploads/posts/2023-01/1199769890_poster.jpg,17.03.2022,Steam
Happenlance по сети,https://online-fix.me/games/arcade/17197-happenlance-po-seti.html,arcade,2,2,28290,"4 января 2023, 00:39",2023-01-04T00:39:26+03:00,https://online-fix.me/uploads/posts/2023-01/3406595010_poster.jpg,21.10.2021,Steam
River City Girls 2 по сети,https://online-fix.me/games/adventures/17198-river-city-girls-2-po-seti.html,adventures,?,,43540,"4 января 2023, 00:37",2023-01-04T00:37:53+03:00,https://online-fix.me/uploads/posts/2023-01/1217732709_poster.jpg,15.12.2022,Steam
Gunheart по сети,https://online-fix.me/games/shooter/17194-gunheart-po-seti.html,shooter,4,6,69290,"19 декабря 2022, 22:17",2022-12-19T22:17:37+03:00,https://online-fix.me/uploads/posts/2022-12/3962684870_poster.jpg,04.06.2018,Steam
Son of Nor по сети,https://online-fix.me/games/adventures/17193-son-of-nor-po-seti.html,adventures,4,4,42746,"14 декабря 2022, 03:56",2022-12-14T03:56:11+03:00,https://online-fix.me/uploads/posts/2022-12/2965337366_poster.jpg,28.04.2015,Steam
TOKYO GHOUL re [CALL to EXIST] по сети,https://online-fix.me/games/fighting/17189-tokyo-ghoulre-call-to-exist-po-seti.html,fighting,4,4,54074,"12 декабря 2022, 21:58",2022-12-12T21:58:16+03:00,https://online-fix.me/uploads/posts/2022-12/2662069378_poster.jpg,15.11.2019,Steam
Into The Flames по сети,https://online-fix.me/games/simulator/17188-into-the-flames-po-seti.html,simulator,2,2,54839,"8 декабря 2022, 17:50",2022-12-08T17:50:15+03:00,https://online-fix.me/uploads/posts/2022-12/4169955640_poster.jpg,27.05.2020,Steam
Rise of Nations Extended Edition по сети,https://online-fix.me/games/strategy/17187-rise-of-nations-extended-edition-po-seti.html,strategy,?,?,44627,"6 декабря 2022, 21:06",2022-12-06T21:06:06+03:00,https://online-fix.me/uploads/posts/2022-12/1807374634_poster.jpg,14.09.2017,Microsoft Store
The Jackbox Party Pack 4 по сети,https://online-fix.me/games/arcade/17186-the-jackbox-party-pack-4-po-seti.html,arcade,2-16,2-16,40853,"2 декабря 2022, 16:34",2022-12-02T16:34:51+03:00,https://online-fix.me/uploads/posts/2022-12/101327353_poster.jpg,19.10.2017,Steam
Evil West по сети,https://online-fix.me/games/rpg/17179-evil-west-po-seti.html,rpg,2,2,114942,"22 ноября 2022, 22:14",2022-11-22T22:14:27+03:00,https://online-fix.me/uploads/posts/2022-11/329156858_poster.jpg,22.11.2022,Steam
Bravery and Greed по сети,https://online-fix.me/games/rpg/17178-bravery-and-greed-po-seti.html,rpg,4,4,35513,"22 ноября 2022, 22:13",2022-11-22T22:13:25+03:00,https://online-fix.me/uploads/posts/2022-11/1993567894_poster.jpg,15.11.2022,Steam
Goat Simulator 3 по сети,https://online-fix.me/games/adventures/17173-goat-simulator-3-po-seti.html,adventures,?,?,201622,"18 ноября 2022, 02:15",2022-11-18T02:15:47+03:00,https://online-fix.me/uploads/posts/2022-11/3475416968_poster.jpg,17.11.2022,Epic Games Store
Pickup Basketball VR по сети,https://online-fix.me/games/simulator/17172-pickup-basketball-vr-po-seti.html,simulator,2,4,11366,"18 ноября 2022, 02:10",2022-11-18T02:10:14+03:00,https://online-fix.me/uploads/posts/2022-11/2920246305_poster.jpg,26.02.2021,Steam
The Jackbox Party Pack 9 по сети,https://online-fix.me/games/puzzles/17170-the-jackbox-party-pack-9-po-seti.html,puzzles,10,10,53669,"17 ноября 2022, 21:39",2022-11-17T21:39:49+03:00,https://online-fix.me/uploads/posts/2022-11/3618988019_poster.jpg,20.10.2022,Steam
Astro Colony по сети,https://online-fix.me/games/sandbox/17169-astro-colony-po-seti.html,sandbox,4,0,33048,"14 ноября 2022, 17:27",2022-11-14T17:27:11+03:00,https://online-fix.me/uploads/posts/2022-11/4071147841_poster.jpg,07.11.2022,Steam
Hell is Others по сети,https://online-fix.me/games/shooter/17163-hell-is-others-po-seti.html,shooter,2,10,38658,"11 ноября 2022, 23:22",2022-11-11T23:22:37+03:00,https://online-fix.me/uploads/posts/2022-11/570970674_poster.jpg,20.10.2022,Steam
WRC Generations по сети,https://online-fix.me/games/racing/17165-wrc-generations-po-seti.html,racing,2,,40896,"11 ноября 2022, 23:20",2022-11-11T23:20:37+03:00,https://online-fix.me/uploads/posts/2022-11/2600755194_poster.jpg,03.11.2022,Epic Games Store
Ancient Wars Sparta Definitive Edition по сети,https://online-fix.me/games/strategy/17164-ancient-wars-sparta-definitive-edition-po-seti.html,strategy,?,?,32270,"9 ноября 2022, 17:59",2022-11-09T17:59:20+03:00,https://online-fix.me/uploads/posts/2022-11/1099098244_poster.jpg,28.01.2022,Steam
Monster Prom 3 Monster Roadtrip по сети,https://online-fix.me/games/simulator/17156-monster-prom-3-monster-roadtrip-po-seti.html,simulator,4,4,16971,"2 ноября 2022, 15:53",2022-11-02T15:53:31+03:00,https://online-fix.me/uploads/posts/2022-10/3616460452_poster.jpg,21.10.2022,Steam
"Warhammer 40,000 Shootas, Blood &amp; Teef по сети",https://online-fix.me/games/shooter/17155-warhammer-40000-shootas-blood-teef-po-seti.html,shooter,4,4,29688,"2 ноября 2022, 15:52",2022-11-02T15:52:02+03:00,https://online-fix.me/uploads/posts/2022-10/1979457039_poster.jpg,20.10.2022,Steam
Guns N Stuff 2 по сети,https://online-fix.me/games/shooter/17148-guns-n-stuff-2-po-seti.html,shooter,8,8,14708,"2 ноября 2022, 15:47",2022-11-02T15:47:44+03:00,https://online-fix.me/uploads/posts/2022-10/924634017_poster.jpg,13.07.2022,Steam
Ghostbusters Spirits Unleashed по сети,https://online-fix.me/games/horror/17150-ghostbusters-spirits-unleashed-po-seti.html,horror,5,5,65708,"21 октября 2022, 13:01",2022-10-21T13:01:16+03:00,https://online-fix.me/uploads/posts/2022-10/4007259094_poster.jpg,18.10.2022,Epic Games Store
Eville по сети,https://online-fix.me/games/rpg/17147-eville-po-seti.html,rpg,,4-12,46099,"19 октября 2022, 15:37",2022-10-19T15:37:34+03:00,https://online-fix.me/uploads/posts/2022-10/4206861266_poster.jpg,11.10.2022,Microsoft Store
Son of a Witch по сети,https://online-fix.me/games/rpg/17131-son-of-a-witch-po-seti.html,rpg,4,4,18346,"7 октября 2022, 16:27",2022-10-07T16:27:29+03:00,https://online-fix.me/uploads/posts/2022-10/1756574534_poster.jpg,16.05.2018,Steam
Distrust Polar Survival по сети,https://online-fix.me/games/survival/17133-distrust-polar-survival-po-seti.html,survival,3,,43647,"7 октября 2022, 16:24",2022-10-07T16:24:45+03:00,https://online-fix.me/uploads/posts/2022-10/727375726_poster.jpg,23.08.2017,Steam
MX vs ATV Legends по сети,https://online-fix.me/games/racing/17134-mx-vs-atv-legends-po-seti.html,racing,2,16,34106,"6 октября 2022, 14:55",2022-10-06T14:55:42+03:00,https://online-fix.me/uploads/posts/2022-10/135777687_poster.jpg,28.06.2022,Steam
Chivalry 2 по сети,https://online-fix.me/games/rpg/16655-chivalry-2-po-seti.html,rpg,64,64,209987,"5 октября 2022, 18:14",2022-10-05T18:14:38+03:00,https://online-fix.me/uploads/posts/2021-07/1579839757_poster.jpg,08.06.2021,Microsoft Store
Star Drift Evolution по сети,https://online-fix.me/games/racing/17129-star-drift-evolution-po-seti.html,racing,4,4,14442,"5 октября 2022, 18:09",2022-10-05T18:09:49+03:00,https://online-fix.me/uploads/posts/2022-10/3929078586_poster.jpg,27.08.2021,Steam
Bake n Switch по сети,https://online-fix.me/games/adventures/17128-bake-n-switch-po-seti.html,adventures,4,4,11524,"4 октября 2022, 15:24",2022-10-04T15:24:49+03:00,https://online-fix.me/uploads/posts/2022-10/2042925560_poster.jpg,21.08.2020,Steam
Prodeus по сети,https://online-fix.me/games/shooter/17123-prodeus-po-seti.html,shooter,,16,22771,"3 октября 2022, 16:27",2022-10-03T16:27:02+03:00,https://online-fix.me/uploads/posts/2022-09/3692610412_poster.jpg,24.06.2021,Microsoft Store
SpiderHeck по сети,https://online-fix.me/games/fighting/17127-spiderheck-po-seti.html,fighting,4,4,57419,"3 октября 2022, 16:19",2022-10-03T16:19:42+03:00,https://online-fix.me/uploads/posts/2022-10/4253069949_poster.jpg,22.09.2022,Steam
Ultimate Fishing Simulator 2 по сети,https://online-fix.me/games/simulator/17122-ultimate-fishing-simulator-2-po-seti.html,simulator,5,5,38495,"30 сентября 2022, 14:31",2022-09-30T14:31:50+03:00,https://online-fix.me/uploads/posts/2022-09/579548339_poster.jpg,22.08.2022,Steam
Raw Data по сети,https://online-fix.me/games/shooter/17110-raw-data-po-seti.html,shooter,2,10,35850,"27 сентября 2022, 14:26",2022-09-27T14:26:41+03:00,https://online-fix.me/uploads/posts/2022-09/2787329818_poster.jpg,05.10.2017,Steam
Aliens vs Predator по сети,https://online-fix.me/games/shooter/17104-aliens-vs-predator-po-seti.html,shooter,4,18,43346,"19 сентября 2022, 16:39",2022-09-19T16:39:55+03:00,https://online-fix.me/uploads/posts/2022-09/2980202188_poster.jpg,16.02.2010,Steam
Ball 3D Soccer Online по сети,https://online-fix.me/games/simulator/17103-ball-3d-soccer-online-po-seti.html,simulator,?,?,18748,"19 сентября 2022, 16:39",2022-09-19T16:39:44+03:00,https://online-fix.me/uploads/posts/2022-09/302274996_poster.jpg,31.03.2017,Steam
Teenage Mutant Ninja Turtles The Cowabunga Collection по сети,https://online-fix.me/games/fighting/17100-teenage-mutant-ninja-turtles-the-cowabunga-collection-po-seti.html,fighting,2,2,17293,"8 сентября 2022, 19:26",2022-09-08T19:26:56+03:00,https://online-fix.me/uploads/posts/2022-09/407166561_poster.jpg,30.08.2022,Steam
Hyper Light Drifter по сети,https://online-fix.me/games/adventures/17101-hyper-light-drifter-po-seti.html,adventures,2,,31539,"8 сентября 2022, 19:23",2022-09-08T19:23:34+03:00,https://online-fix.me/uploads/posts/2022-09/650983034_poster.jpg,31.03.2016,Steam Remote Play
LEGO Brawls по сети,https://online-fix.me/games/fighting/17094-lego-brawls-po-seti.html,fighting,4,8,27322,"5 сентября 2022, 16:36",2022-09-05T16:36:19+03:00,https://online-fix.me/uploads/posts/2022-09/342861127_poster.jpg,02.09.2022,Steam
Who Wants To Be A Millionaire по сети,https://online-fix.me/games/puzzles/17096-who-wants-to-be-a-millionaire-po-seti.html,puzzles,4,10,44977,"5 сентября 2022, 16:29",2022-09-05T16:29:50+03:00,https://online-fix.me/uploads/posts/2022-09/297262842_poster.jpg,29.10.2020,Steam
Shovel Knight Treasure Trove по сети,https://online-fix.me/games/arcade/17089-shovel-knight-treasure-trove-po-seti.html,arcade,4,4,16697,"31 августа 2022, 13:20",2022-08-31T13:20:24+03:00,https://online-fix.me/uploads/posts/2022-08/1826429845_poster.jpg,26.06.2014,Steam Remote Play
Samurai Gunn 2 по сети,https://online-fix.me/games/fighting/17083-samurai-gunn-2-po-seti.html,fighting,4,,13916,"30 августа 2022, 16:17",2022-08-30T16:17:47+03:00,https://online-fix.me/uploads/posts/2022-08/3833714384_poster.jpg,20.07.2021,Steam
Flat Heroes по сети,https://online-fix.me/games/arcade/17084-flat-heroes-po-seti.html,arcade,4,4,11385,"30 августа 2022, 16:11",2022-08-30T16:11:49+03:00,https://online-fix.me/uploads/posts/2022-08/4061821464_poster.jpg,08.09.2016,Steam Remote Play
Storm Chasers по сети,https://online-fix.me/games/simulator/17074-storm-chasers-po-seti.html,simulator,8,8,38474,"22 августа 2022, 14:10",2022-08-22T14:10:06+03:00,https://online-fix.me/uploads/posts/2022-08/2494120883_poster.jpg,28.06.2019,Steam
Contagion по сети,https://online-fix.me/games/shooter/17073-contagion-po-seti.html,shooter,8,12,34083,"18 августа 2022, 18:19",2022-08-18T18:19:10+03:00,https://online-fix.me/uploads/posts/2022-08/389351883_poster.jpg,25.10.2013,Steam
Diner Bros по сети,https://online-fix.me/games/simulator/17052-diner-bros-po-seti.html,simulator,4,4,13545,"9 августа 2022, 19:37",2022-08-09T19:37:34+03:00,https://online-fix.me/uploads/posts/2022-07/1384560237_poster.jpg,06.07.2018,Steam Remote Play
A Total War Saga THRONES OF BRITANNIA по сети,https://online-fix.me/games/strategy/17058-a-total-war-saga-thrones-of-britannia-po-seti.html,strategy,2,8,25866,"8 августа 2022, 23:48",2022-08-08T23:48:17+03:00,https://online-fix.me/uploads/posts/2022-08/3772736313_poster.jpg,03.05.2018,Steam
Sniper Elite V2 Remastered по сети,https://online-fix.me/games/shooter/17055-sniper-elite-v2-remastered-po-seti.html,shooter,2,12,61445,"2 августа 2022, 16:24",2022-08-02T16:24:53+03:00,https://online-fix.me/uploads/posts/2022-08/545477367_poster.jpg,14.05.2019,Microsoft Store
Memories of Mars по сети,https://online-fix.me/games/shooter/17041-memories-of-mars-po-seti.html,shooter,40,40,30745,"20 июля 2022, 15:51",2022-07-20T15:51:27+03:00,https://online-fix.me/uploads/posts/2022-07/4057010798_poster.jpg,12.03.2020,Steam
Shift Happens по сети,https://online-fix.me/games/puzzles/17033-shift-happens-po-seti.html,puzzles,2,2,24564,"13 июля 2022, 21:10",2022-07-13T21:10:59+03:00,https://online-fix.me/uploads/posts/2022-07/442149668_poster.jpg,22.02.2017,Steam
The Jackbox Party Starter по сети,https://online-fix.me/games/puzzles/17029-the-jackbox-party-starter-po-seti.html,puzzles,?,?,30576,"11 июля 2022, 21:14",2022-07-11T21:14:13+03:00,https://online-fix.me/uploads/posts/2022-07/1469067278_poster.jpg,30.06.2022,Steam
Hero's Hour по сети,https://online-fix.me/games/strategy/17030-heros-hour-po-seti.html,strategy,?,?,25863,"11 июля 2022, 21:07",2022-07-11T21:07:36+03:00,https://online-fix.me/uploads/posts/2022-07/2608649703_poster.jpg,01.03.2022,Steam Remote Play
Monster Hunter Stories 2 Wings of Ruin по сети,https://online-fix.me/games/adventures/17026-monster-hunter-stories-2-wings-of-ruin-po-seti.html,adventures,4,4,53982,"6 июля 2022, 15:03",2022-07-06T15:03:12+03:00,https://online-fix.me/uploads/posts/2022-07/1428973325_poster.jpg,09.07.2021,Steam
The Backrooms Survival по сети,https://online-fix.me/games/horror/17023-the-backrooms-survival-po-seti.html,horror,6,6,72205,"1 июля 2022, 13:18",2022-07-01T13:18:12+03:00,https://online-fix.me/uploads/posts/2022-06/1474469633_poster.jpg,31.03.2022,Steam
Company of Heroes 2 по сети,https://online-fix.me/games/strategy/17022-company-of-heroes-2-po-seti.html,strategy,2,8,63478,"30 июня 2022, 18:30",2022-06-30T18:30:59+03:00,https://online-fix.me/uploads/posts/2022-06/647679074_poster.jpg,25.06.2013,Microsoft Store
Longvinter по сети,https://online-fix.me/games/survival/17020-longvinter-po-seti.html,survival,32,32,64648,"25 июня 2022, 20:07",2022-06-25T20:07:50+03:00,https://online-fix.me/uploads/posts/2025-03/3475466406_poster.jpg,21.02.2025,Steam
The Cursed Crusade по сети,https://online-fix.me/games/adventures/17018-the-cursed-crusade-po-seti.html,adventures,2,2,40436,"21 июня 2022, 13:08",2022-06-21T13:08:12+03:00,https://online-fix.me/uploads/posts/2022-06/2403126303_poster.jpg,14.10.2011,Steam Remote Play
Mashinky по сети,https://online-fix.me/games/strategy/17016-mashinky-po-seti.html,strategy,8,8,34500,"10 июня 2022, 14:52",2022-06-10T14:52:34+03:00,https://online-fix.me/uploads/posts/2022-06/286357097_poster.jpg,06.10.2018,Steam
HyperBrawl Tournament по сети,https://online-fix.me/games/arcade/17010-hyperbrawl-tournament-po-seti.html,arcade,2,4,13127,"7 июня 2022, 15:49",2022-06-07T15:49:46+03:00,https://online-fix.me/uploads/posts/2022-06/3908038801_poster.jpg,20.10.2020,Steam
Salt and Sacrifice по сети,https://online-fix.me/games/rpg/17008-salt-and-sacrifice-po-seti.html,rpg,2,2,55427,"31 мая 2022, 21:32",2022-05-31T21:32:07+03:00,https://online-fix.me/uploads/posts/2022-05/1819615141_poster.jpg,10.05.2022,Epic Games Store
Old World по сети,https://online-fix.me/games/strategy/17005-old-world-po-seti.html,strategy,4,8,42571,"31 мая 2022, 12:09",2022-05-31T12:09:12+03:00,https://online-fix.me/uploads/posts/2022-05/764183385_poster.jpg,19.05.2022,Steam
Vox Machinae по сети,https://online-fix.me/games/shooter/16994-vox-machinae-po-seti.html,shooter,4,16,24045,"26 мая 2022, 17:45",2022-05-26T17:45:45+03:00,https://online-fix.me/uploads/posts/2022-05/531159576_poster.jpg,13.05.2022,Steam
Evil Dead The Game по сети,https://online-fix.me/games/shooter/16992-evil-dead-the-game-po-seti.html,shooter,4,4,79140,"19 мая 2022, 18:54",2022-05-19T18:54:48+03:00,https://online-fix.me/uploads/posts/2022-05/900971675_poster.jpg,13.05.2022,Epic Games Store
DeadPoly по сети,https://online-fix.me/games/survival/16987-deadpoly-po-seti.html,survival,?,?,57958,"11 мая 2022, 16:28",2022-05-11T16:28:36+03:00,https://online-fix.me/uploads/posts/2022-05/2359168769_poster.jpg,12.01.2022,Steam
Eximius Seize the Frontline по сети,https://online-fix.me/games/shooter/16662-eximius-seize-the-frontline-po-seti.html,shooter,?,?,21970,"11 июля 2021, 16:46",2021-07-11T16:46:40+03:00,https://online-fix.me/uploads/posts/2021-07/1929812249_poster.jpg,16.03.2021,Steam
Knight Squad 2 по сети,https://online-fix.me/games/arcade/16660-knight-squad-2-po-seti.html,arcade,8,8,12046,"8 июля 2021, 04:54",2021-07-08T04:54:15+03:00,https://online-fix.me/uploads/posts/2021-07/1089754400_poster.jpg,14.04.2021,Steam
GROUND BRANCH по сети,https://online-fix.me/games/shooter/16659-ground-branch-po-seti.html,shooter,8,8,152385,"7 июля 2021, 01:32",2021-07-07T01:32:42+03:00,https://online-fix.me/uploads/posts/2021-07/3635967954_poster.jpg,14.08.2018,Steam
A House of Thieves по сети,https://online-fix.me/games/strategy/16658-a-house-of-thieves-po-seti.html,strategy,4,4,66050,"5 июля 2021, 23:52",2021-07-05T23:52:51+03:00,https://online-fix.me/uploads/posts/2021-07/2241199297_poster.jpg,21.01.2021,Steam
INVERSUS Deluxe по сети,https://online-fix.me/games/puzzles/16657-inversus-deluxe-po-seti.html,puzzles,2,4,14669,"5 июля 2021, 23:44",2021-07-05T23:44:04+03:00,https://online-fix.me/uploads/posts/2021-07/392282111_poster.jpg,16.08.2016,Steam
Call to Arms Gates of Hell Ostfront по сети,https://online-fix.me/games/strategy/16651-call-to-arms-gates-of-hell-ostfront-po-seti.html,strategy,8,8,228260,"27 июня 2021, 18:24",2021-06-27T18:24:23+03:00,https://online-fix.me/uploads/posts/2021-06/2227283133_poster.jpg,11.06.2021,Steam
Hyper Jam по сети,https://online-fix.me/games/adventures/16641-hyper-jam-po-seti.html,adventures,4,4,29050,"24 мая 2021, 13:31",2021-05-24T13:31:53+03:00,https://online-fix.me/uploads/posts/2021-05/1195317664_poster.jpg,12.02.2019,Steam
Headsnatchers по сети,https://online-fix.me/games/adventures/16635-headsnatchers-po-seti.html,adventures,4,4,19427,"28 апреля 2021, 10:20",2021-04-28T10:20:39+03:00,https://online-fix.me/uploads/posts/2021-04/75256197_poster.jpg,07.11.2019,Steam
Mortal Kombat Komplete Edition по сети,https://online-fix.me/games/fighting/16628-mortal-kombat-komplete-edition-po-seti.html,fighting,?,?,104560,"19 апреля 2021, 13:59",2021-04-19T13:59:59+03:00,https://online-fix.me/uploads/posts/2021-04/2827465450_poster.jpg,03.07.2013,Steam
Spacebase Startopia по сети,https://online-fix.me/games/strategy/16625-spacebase-startopia-po-seti.html,strategy,2,4,15224,"15 апреля 2021, 13:06",2021-04-15T13:06:51+03:00,https://online-fix.me/uploads/posts/2021-04/4255970369_poster.jpg,26.03.2021,Steam
Pogostuck Rage With Your Friends по сети,https://online-fix.me/games/adventures/16623-pogostuck-rage-with-your-friends-po-seti.html,adventures,16,16,31820,"8 апреля 2021, 04:32",2021-04-08T04:32:02+03:00,https://online-fix.me/uploads/posts/2021-04/1608725846_poster.jpg,28.02.2019,Steam
UnEpic по сети,https://online-fix.me/games/rpg/16619-unepic-po-seti.html,rpg,?,?,19965,"2 апреля 2021, 04:40",2021-04-02T04:40:38+03:00,https://online-fix.me/uploads/posts/2021-04/398643716_poster.jpg,25.07.2014,Steam
Puyo Puyo Tetris 2 по сети,https://online-fix.me/games/arcade/16615-puyo-puyo-tetris-2-po-seti.html,arcade,?,?,15120,"30 марта 2021, 23:40",2021-03-30T23:40:19+03:00,https://online-fix.me/uploads/posts/2021-03/2789022083_poster.jpg,24.03.2021,Steam
Hotshot Racing по сети,https://online-fix.me/games/racing/16611-hotshot-racing-po-seti.html,racing,8,8,21585,"26 марта 2021, 06:41",2021-03-26T06:41:35+03:00,https://online-fix.me/uploads/posts/2021-03/1983217620_poster.jpg,10.09.2020,Steam
Ashes of the Singularity Escalation по сети,https://online-fix.me/games/strategy/16609-ashes-of-the-singularity-escalation-po-seti.html,strategy,14,14,21588,"22 марта 2021, 21:39",2021-03-22T21:39:00+03:00,https://online-fix.me/uploads/posts/2021-03/2246893693_poster.jpg,10.11.2016,Steam
Stronghold Warlords по сети,https://online-fix.me/games/simulator/16598-stronghold-warlords-po-seti.html,simulator,8,8,44976,"11 марта 2021, 20:25",2021-03-11T20:25:15+03:00,https://online-fix.me/uploads/posts/2021-03/4227842937_poster.jpg,09.03.2021,Steam
Forza Horizon 4 по сети,https://online-fix.me/games/racing/16597-forza-horizon-4-po-seti.html,racing,12,12,631555,"10 марта 2021, 10:07",2021-03-10T10:07:30+03:00,https://online-fix.me/uploads/posts/2021-03/3162151853_poster.jpg,09.03.2021,Steam
Total War WARHAMMER по сети,https://online-fix.me/games/strategy/16592-total-war-warhammer-po-seti.html,strategy,2,8,54108,"2 марта 2021, 16:58",2021-03-02T16:58:09+03:00,https://online-fix.me/uploads/posts/2021-03/3973661191_poster.jpg,24.05.2016,Steam
Skullgirls 2nd Encore по сети,https://online-fix.me/games/fighting/16590-skullgirls-2nd-encore-po-seti.html,fighting,8,8,43380,"28 февраля 2021, 23:29",2021-02-28T23:29:49+03:00,https://online-fix.me/uploads/posts/2021-02/1397689454_poster.jpg,22.08.2013,Steam
The Guild 3 по сети,https://online-fix.me/games/simulator/16589-the-guild-3-po-seti.html,simulator,17,17,79468,"28 февраля 2021, 23:07",2021-02-28T23:07:34+03:00,https://online-fix.me/uploads/posts/2021-02/3488792654_poster.jpg,14.06.2022,Steam
Wizard of Legend по сети,https://online-fix.me/games/rpg/16586-wizard-of-legend-po-seti.html,rpg,2,2,46217,"24 февраля 2021, 02:35",2021-02-24T02:35:28+03:00,https://online-fix.me/uploads/posts/2021-02/908254419_poster.jpg,15.05.2018,Steam Remote Play
ICBM по сети,https://online-fix.me/games/strategy/16583-icbm-po-seti.html,strategy,8,8,26581,"24 февраля 2021, 01:25",2021-02-24T01:25:55+03:00,https://online-fix.me/uploads/posts/2021-02/2195486366_poster.jpg,17.11.2020,Steam
Wargroove по сети,https://online-fix.me/games/strategy/16582-wargroove-po-seti.html,strategy,4,4,26559,"23 февраля 2021, 00:29",2021-02-23T00:29:12+03:00,https://online-fix.me/uploads/posts/2021-02/454979265_poster.jpg,01.02.2019,Steam Remote Play
Panzer Corps 2 по сети,https://online-fix.me/games/strategy/16580-panzer-corps-2-po-seti.html,strategy,2,2,21147,"19 февраля 2021, 10:55",2021-02-19T10:55:07+03:00,https://online-fix.me/uploads/posts/2021-02/43044401_poster.jpg,19.03.2020,Steam
Total War NAPOLEON Definitive Edition по сети,https://online-fix.me/games/strategy/16579-total-war-napoleon-definitive-edition-po-seti.html,strategy,2,8,32720,"18 февраля 2021, 22:46",2021-02-18T22:46:06+03:00,https://online-fix.me/uploads/posts/2021-02/1536074618_poster.jpg,25.02.2010,Steam
EARTH DEFENSE FORCE IRON RAIN по сети,https://online-fix.me/games/adventures/16578-earth-defense-force-iron-rain-po-seti.html,adventures,6,8,32271,"17 февраля 2021, 19:02",2021-02-17T19:02:30+03:00,https://online-fix.me/uploads/posts/2021-02/2611892299_poster.jpg,15.10.2019,Steam
Total War EMPIRE Definitive Edition по сети,https://online-fix.me/games/strategy/16576-total-war-empire-definitive-edition-po-seti.html,strategy,2,8,33179,"16 февраля 2021, 01:14",2021-02-16T01:14:04+03:00,https://online-fix.me/uploads/posts/2021-02/2391171613_poster.jpg,04.03.2009,Steam
Total War THREE KINGDOMS по сети,https://online-fix.me/games/strategy/16569-total-war-three-kingdoms-po-seti.html,strategy,2,?,44984,"1 февраля 2021, 00:27",2021-02-01T00:27:05+03:00,https://online-fix.me/uploads/posts/2021-02/2791680186_poster.jpg,23.05.2019,Steam
Total War SHOGUN 2 по сети,https://online-fix.me/games/strategy/16568-total-war-shogun-2-po-seti.html,strategy,2,?,42473,"1 февраля 2021, 00:12",2021-02-01T00:12:06+03:00,https://online-fix.me/uploads/posts/2021-02/1822254845_poster.jpg,15.03.2011,Steam
Attack on Titan 2 по сети,https://online-fix.me/games/shooter/16566-attack-on-titan-2-po-seti.html,shooter,4,?,95290,"27 января 2021, 17:01",2021-01-27T17:01:54+03:00,https://online-fix.me/uploads/posts/2021-01/1023684559_poster.jpg,15.03.2018,Steam
Sports Bar VR по сети,https://online-fix.me/games/vr/16565-sports-bar-vr-po-seti.html,vr,?,?,18241,"26 января 2021, 19:48",2021-01-26T19:48:07+03:00,https://online-fix.me/uploads/posts/2021-01/3080202961_poster.jpg,01.06.2016,Steam
Kingdoms Reborn по сети,https://online-fix.me/games/strategy/16561-kingdoms-reborn-po-seti.html,strategy,6,6,77463,"23 января 2021, 08:43",2021-01-23T08:43:09+03:00,https://online-fix.me/uploads/posts/2021-01/1701091664_poster.jpg,03.11.2020,Steam
Aliens Colonial Marines по сети,https://online-fix.me/games/shooter/16560-aliens-colonial-marines-po-seti.html,shooter,4,?,42829,"21 января 2021, 13:39",2021-01-21T13:39:18+03:00,https://online-fix.me/uploads/posts/2021-01/1709353609_poster.jpg,11.02.2013,Steam
DRAGON BALL XENOVERSE 2 по сети,https://online-fix.me/games/fighting/16558-dragon-ball-xenoverse-2-po-seti.html,fighting,2,6,224079,"20 января 2021, 19:39",2021-01-20T19:39:46+03:00,https://online-fix.me/uploads/posts/2021-01/688731000_poster.jpg,28.10.2016,Microsoft Store
SpellForce 3 Soul Harvest по сети,https://online-fix.me/games/rpg/16542-spellforce-3-soul-harvest-po-seti.html,rpg,3,6,26647,"29 декабря 2020, 06:56",2020-12-29T06:56:21+03:00,https://online-fix.me/uploads/posts/2020-12/1476820784_poster.jpg,28.05.2019,Steam
Executive Assault 2 по сети,https://online-fix.me/games/shooter/16541-executive-assault-2-po-seti.html,shooter,4,4,32622,"29 декабря 2020, 06:44",2020-12-29T06:44:22+03:00,https://online-fix.me/uploads/posts/2020-12/1773025833_poster.jpg,18.10.2018,Steam
Sword Art Online Hollow Realization Deluxe Edition по сети,https://online-fix.me/games/adventures/16538-sword-art-online-hollow-realization-deluxe-edition-po-seti.html,adventures,?,?,54810,"21 декабря 2020, 21:36",2020-12-21T21:36:35+03:00,https://online-fix.me/uploads/posts/2020-12/453671345_poster.jpg,27.10.2017,Steam
Agrou по сети,https://online-fix.me/games/adventures/16532-agrou-po-seti.html,adventures,12,12,38788,"14 декабря 2020, 04:56",2020-12-14T04:56:24+03:00,https://online-fix.me/uploads/posts/2020-12/1099474152_poster.jpg,25.07.2020,Steam
SpellForce 3 по сети,https://online-fix.me/games/rpg/16531-spellforce-3-po-seti.html,rpg,3,6,30359,"12 декабря 2020, 11:52",2020-12-12T11:52:52+03:00,https://online-fix.me/uploads/posts/2020-12/3168028125_poster.jpg,07.12.2017,Steam
Half Dead 2 по сети,https://online-fix.me/games/survival/16522-half-dead-2-po-seti.html,survival,4,16,49341,"1 декабря 2020, 23:26",2020-12-01T23:26:47+03:00,https://online-fix.me/uploads/posts/2020-12/2387647219_poster.jpg,02.08.2019,Steam
Worbital по сети,https://online-fix.me/games/strategy/16517-worbital-po-seti.html,strategy,4,4,15855,"26 ноября 2020, 22:31",2020-11-26T22:31:23+03:00,https://online-fix.me/uploads/posts/2020-11/1972472718_poster.jpg,31.01.2019,Steam
Pacify по сети,https://online-fix.me/games/horror/16514-pacify-po-seti.html,horror,4,4,319092,"23 ноября 2020, 00:44",2020-11-23T00:44:27+03:00,https://online-fix.me/uploads/posts/2020-11/1131190947_poster.jpg,22.02.2019,Steam
DiRT Rally 2.0 по сети,https://online-fix.me/games/racing/16513-dirt-rally-20-po-seti.html,racing,8,8,77789,"23 ноября 2020, 00:35",2020-11-23T00:35:04+03:00,https://online-fix.me/uploads/posts/2020-11/1984692741_poster.jpg,26.02.2019,Steam
Shotgun Farmers по сети,https://online-fix.me/games/shooter/16512-shotgun-farmers-po-seti.html,shooter,10,10,26252,"17 ноября 2020, 23:12",2020-11-17T23:12:59+03:00,https://online-fix.me/uploads/posts/2020-11/492014412_poster.jpg,08.03.2019,Steam
Blackwake по сети,https://online-fix.me/games/shooter/16509-blackwake-po-seti.html,shooter,?,?,53343,"15 ноября 2020, 19:39",2020-11-15T19:39:06+03:00,https://online-fix.me/uploads/posts/2020-11/1745840346_poster.jpg,20.02.2020,Steam
Welcome to Princeland по сети,https://online-fix.me/games/adventures/16496-welcome-to-princeland-po-seti.html,adventures,16,16,30468,"16 октября 2020, 11:20",2020-10-16T11:20:05+03:00,https://online-fix.me/uploads/posts/2020-10/2854415689_poster.jpg,09.11.2018,Steam
Call To Arms по сети,https://online-fix.me/games/strategy/16490-call-to-arms-po-seti.html,strategy,?,?,75194,"3 октября 2020, 12:38",2020-10-03T12:38:47+03:00,https://online-fix.me/uploads/posts/2020-10/3345972620_poster.jpg,30.07.2015,Steam
NARUTO SHIPPUDEN Ultimate Ninja STORM 4 по сети,https://online-fix.me/games/fighting/16488-naruto-shippuden-ultimate-ninja-storm-4-po-seti.html,fighting,?,?,135817,"30 сентября 2020, 03:16",2020-09-30T03:16:24+03:00,https://online-fix.me/uploads/posts/2020-10/3994518271_poster.jpg,05.02.2016,Steam
PixARK по сети,https://online-fix.me/games/adventures/16480-pixark-po-seti.html,adventures,?,?,64005,"22 сентября 2020, 17:40",2020-09-22T17:40:56+03:00,https://online-fix.me/uploads/posts/2020-09/2811967635_poster.jpg,31.05.2019,Steam
Total War Attila по сети,https://online-fix.me/games/strategy/16479-total-war-attila-po-seti.html,strategy,2,8,34423,"21 сентября 2020, 15:04",2020-09-21T15:04:46+03:00,https://online-fix.me/uploads/posts/2020-09/2071193862_poster.jpg,17.02.2015,Steam
The Long Drive по сети,https://online-fix.me/games/racing/16474-the-long-drive-po-seti.html,racing,?,?,602505,"16 сентября 2020, 01:59",2020-09-16T01:59:55+03:00,https://online-fix.me/uploads/posts/2020-09/539836857_poster.jpg,25.09.2019,Steam
Beat Me! по сети,https://online-fix.me/games/survival/16473-beat-me-po-seti.html,survival,6,6,21886,"15 сентября 2020, 15:38",2020-09-15T15:38:02+03:00,https://online-fix.me/uploads/posts/2020-09/1814585227_poster.jpg,19.08.2020,Steam
BLADENET по сети,https://online-fix.me/games/shooter/16472-bladenet-po-seti.html,shooter,?,?,34695,"15 сентября 2020, 00:14",2020-09-15T00:14:31+03:00,https://online-fix.me/uploads/posts/2020-09/1861897057_poster.jpg,06.10.2017,Steam
Planetoid Pioneers Online по сети,https://online-fix.me/games/shooter/16469-planetoid-pioneers-online-po-seti.html,shooter,4,4,26364,"7 сентября 2020, 20:14",2020-09-07T20:14:43+03:00,https://online-fix.me/uploads/posts/2020-09/284350915_poster.jpg,11.07.2019,Steam
Griefhelm по сети,https://online-fix.me/games/fighting/16465-griefhelm-po-seti.html,fighting,4 (Steam Remote Play),4,41153,"5 сентября 2020, 21:02",2020-09-05T21:02:24+03:00,https://online-fix.me/uploads/posts/2020-09/886061968_poster.jpg,20.08.2020,Steam
Arma 3 по сети,https://online-fix.me/games/shooter/16457-arma-3-po-seti.html,shooter,?,?,151066,"1 сентября 2020, 23:43",2020-09-01T23:43:22+03:00,https://online-fix.me/uploads/posts/2020-09/3083891097_poster.jpg,12.09.2013,Steam
Ancestors Legacy по сети,https://online-fix.me/games/strategy/16453-ancestors-legacy-po-seti.html,strategy,6,6,50781,"30 августа 2020, 13:20",2020-08-30T13:20:47+03:00,https://online-fix.me/uploads/posts/2020-09/612630719_poster.jpg,22.05.2018,GOG Galaxy
Warhammer 40000 Gladius - Relics of War по сети,https://online-fix.me/games/strategy/16443-warhammer-40000-gladius-relics-of-war-po-seti.html,strategy,16,16,68641,"11 августа 2020, 21:38",2020-08-11T21:38:18+03:00,https://online-fix.me/uploads/posts/2020-08/3623290616_poster.jpg,12.07.2018,Steam
Curious Cases по сети,https://online-fix.me/games/sandbox/16442-curious-cases-po-seti.html,sandbox,6,6,31829,"10 августа 2020, 23:31",2020-08-10T23:31:22+03:00,https://online-fix.me/uploads/posts/2020-08/3097727874_poster.jpg,04.04.2019,Steam
Ryse Son of Rome по сети,https://online-fix.me/games/fighting/16441-ryse-son-of-rome-po-seti.html,fighting,2,2,41900,"8 августа 2020, 17:58",2020-08-08T17:58:08+03:00,https://online-fix.me/uploads/posts/2020-08/988265014_poster.jpg,10.10.2014,Steam
Fight Crab по сети,https://online-fix.me/games/fighting/16440-fight-crab-po-seti.html,fighting,2,2,21802,"8 августа 2020, 00:23",2020-08-08T00:23:54+03:00,https://online-fix.me/uploads/posts/2020-08/3501923995_poster.jpg,29.07.2020,Steam
Hellpoint по сети,https://online-fix.me/games/shooter/16439-hellpoint-po-seti.html,shooter,2,4,55328,"6 августа 2020, 23:43",2020-08-06T23:43:51+03:00,https://online-fix.me/uploads/posts/2020-08/1873732979_poster.jpg,30.07.2020,Steam
Mortal Kombat X по сети,https://online-fix.me/games/fighting/16436-mortal-kombat-x-po-seti.html,fighting,?,?,194579,"30 июля 2020, 01:10",2020-07-30T01:10:42+03:00,https://online-fix.me/uploads/posts/2020-07/998879391_poster.jpg,14.04.2015,Steam
Sniper Elite 3 по сети,https://online-fix.me/games/shooter/16434-sniper-elite-3-po-seti.html,shooter,2,12,85650,"27 июля 2020, 13:55",2020-07-27T13:55:04+03:00,https://online-fix.me/uploads/posts/2020-07/3386021628_poster.jpg,27.06.2014,Steam
Ben and Ed Blood Party по сети,https://online-fix.me/games/shooter/16430-ben-and-ed-blood-party-po-seti.html,shooter,4,4,93358,"25 июля 2020, 19:49",2020-07-25T19:49:24+03:00,https://online-fix.me/uploads/posts/2020-07/1904375460_poster.jpg,13.02.2018,Steam
7 Days To Die по сети,https://online-fix.me/games/officialservers/16429-7-days-to-die-po-seti.html,officialservers,12,12,691099,"25 июля 2020, 19:32",2020-07-25T19:32:51+03:00,https://online-fix.me/uploads/posts/2025-07/1803144587_poster.jpg,25.07.2024,Microsoft Store
Sekiro Shadows Die Twice по сети,https://online-fix.me/games/shooter/16426-sekiro-shadows-die-twice-po-seti.html,shooter,6,6,227145,"22 июля 2020, 17:32",2020-07-22T17:32:46+03:00,https://online-fix.me/uploads/posts/2020-07/1825716356_poster.jpg,21.03.2019,Steam
Pit People по сети,https://online-fix.me/games/strategy/16424-pit-people-po-seti.html,strategy,2,2,18738,"17 июля 2020, 08:08",2020-07-17T08:08:08+03:00,https://online-fix.me/uploads/posts/2020-07/4159551146_poster.jpg,02.03.2018,Steam
Men of War Assault Squad 2 по сети,https://online-fix.me/games/strategy/16422-men-of-war-assault-squad-2-po-seti.html,strategy,16,16,103348,"16 июля 2020, 22:10",2020-07-16T22:10:21+03:00,https://online-fix.me/uploads/posts/2020-07/2223945175_poster.jpg,15.05.2014,Steam
ShellShock Live по сети,https://online-fix.me/games/strategy/16368-shellshock-live-po-seti.html,strategy,8,8,66210,"27 мая 2020, 16:27",2020-05-27T16:27:53+03:00,https://online-fix.me/uploads/posts/2020-05/2505651612_poster.jpg,22.05.2020,Steam
Castle Story по сети,https://online-fix.me/games/strategy/16366-castle-story-po-seti.html,strategy,?,?,54483,"27 мая 2020, 14:17",2020-05-27T14:17:09+03:00,https://online-fix.me/uploads/posts/2020-05/2532042431_poster.jpg,18.08.2017,Steam
Bossgard по сети,https://online-fix.me/games/arcade/16364-bossgard-po-seti.html,arcade,3,4,18908,"25 мая 2020, 10:31",2020-05-25T10:31:18+03:00,https://online-fix.me/uploads/posts/2020-05/1599064129_poster.jpg,21.05.2020,Steam
Halo The Master Chief Collection по сети,https://online-fix.me/games/shooter/16362-halo-the-master-chief-collection-po-seti.html,shooter,?,?,113076,"25 мая 2020, 03:31",2020-05-25T03:31:44+03:00,https://online-fix.me/uploads/posts/2020-05/1698157939_poster.jpg,03.12.2019,Steam
Circle Empires Rivals по сети,https://online-fix.me/games/strategy/16355-circle-empires-rivals-po-seti.html,strategy,4,4,77741,"21 мая 2020, 18:46",2020-05-21T18:46:24+03:00,https://online-fix.me/uploads/posts/2020-05/416685204_poster.jpg,15.04.2020,Steam
Spec Ops The Line по сети,https://online-fix.me/games/shooter/16351-spec-ops-the-line-po-seti.html,shooter,2,?,54656,"20 мая 2020, 01:07",2020-05-20T01:07:50+03:00,https://online-fix.me/uploads/posts/2020-05/2152565502_poster.jpg,29.06.2012,Steam
Sniper Elite 4 по сети,https://online-fix.me/games/shooter/16349-sniper-elite-4-po-seti.html,shooter,2,&amp;,141987,"19 мая 2020, 01:39",2020-05-19T01:39:38+03:00,https://online-fix.me/uploads/posts/2020-05/941305772_poster.jpg,14.02.2017,Steam
Conan Exiles по сети,https://online-fix.me/games/survival/16393-conan-exiles-po-seti.html,survival,40,40,279029,"25 июня 2020, 20:31",2020-06-25T20:31:12+03:00,https://online-fix.me/uploads/posts/2020-06/605959962_poster.jpg,08.05.2018,Steam
RWBY Grimm Eclipse по сети,https://online-fix.me/games/shooter/16388-rwby-grimm-eclipse-po-seti.html,shooter,4,?,23315,"8 июня 2020, 00:15",2020-06-08T00:15:37+03:00,https://online-fix.me/uploads/posts/2020-06/2680236609_poster.jpg,05.07.2016,Steam
Total War Rome II Emperor Edition по сети,https://online-fix.me/games/strategy/16383-total-war-rome-ii-emperor-edition-po-seti.html,strategy,2,4,77342,"7 июня 2020, 00:01",2020-06-07T00:01:24+03:00,https://online-fix.me/uploads/posts/2020-06/2349822769_poster.jpg,02.09.2013,Steam
Serious Sam 3 BFE по сети,https://online-fix.me/games/shooter/16370-serious-sam-3-bfe-po-seti.html,shooter,16,16,55703,"30 мая 2020, 09:29",2020-05-30T09:29:14+03:00,https://online-fix.me/uploads/posts/2020-06/3197732537_poster.jpg,22.11.2011,Steam
HYPERCHARGE Unboxed по сети,https://online-fix.me/games/shooter/16335-hypercharge-unboxed-po-seti.html,shooter,4,?,52571,"4 мая 2020, 23:42",2020-05-04T23:42:58+03:00,https://online-fix.me/uploads/posts/2020-05/1170264093_poster.jpg,27.04.2020,Steam
Streets of Rage 4 по сети,https://online-fix.me/games/fighting/16332-streets-of-rage-4-po-seti.html,fighting,4,2,65195,"1 мая 2020, 20:08",2020-05-01T20:08:24+03:00,https://online-fix.me/uploads/posts/2020-05/4256582154_poster.jpg,30.04.20,Steam
Project Winter по сети,https://online-fix.me/games/survival/16328-project-winter-po-seti.html,survival,8,8,205233,"27 апреля 2020, 00:52",2020-04-27T00:52:22+03:00,https://online-fix.me/uploads/posts/2020-05/1684121252_poster.jpg,04.02.2021,Microsoft Store
Rocket League по сети,https://online-fix.me/games/racing/16324-rocket-league-po-seti.html,racing,8,8,44088,"24 апреля 2020, 11:51",2020-04-24T11:51:31+03:00,https://online-fix.me/uploads/posts/2020-05/4268757679_poster.jpg,07.07.2015,LAN
Arizona Sunshine по сети,https://online-fix.me/games/shooter/16304-arizona-sunshine-po-seti.html,shooter,2,2,58728,"3 апреля 2020, 18:09",2020-04-03T18:09:37+03:00,https://online-fix.me/uploads/posts/2020-04/2466260030_poster.jpg,06.12.2016,Steam
Project Zomboid по сети,https://online-fix.me/games/survival/16293-project-zomboid-po-seti.html,survival,32,32,996159,"28 марта 2020, 01:03",2020-03-28T01:03:00+03:00,https://online-fix.me/uploads/posts/2025-12/3814091724_poster.jpg,08.11.2013,Steam
BIGFOOT по сети,https://online-fix.me/games/survival/16285-bigfoot-po-seti.html,survival,5,5,343742,"27 марта 2020, 21:48",2020-03-27T21:48:08+03:00,https://online-fix.me/uploads/posts/2020-04/1429105244_poster.jpg,31.01.2017,Steam
Total War WARHAMMER II по сети,https://online-fix.me/games/shooter/16281-total-war-warhammer-ii-po-seti.html,shooter,2,8,198352,"1 марта 2020, 17:03",2020-03-01T17:03:13+03:00,https://online-fix.me/uploads/posts/2020-03/2505436355_poster.jpg,28.09.2017,Steam
DAEMON X MACHINA по сети,https://online-fix.me/games/shooter/16277-daemon-x-machina-po-seti.html,shooter,4,4,34492,"1 марта 2020, 15:08",2020-03-01T15:08:14+03:00,https://online-fix.me/uploads/posts/2020-03/386085726_poster.jpg,13.02.2020,Steam
Human: Fall Flat по сети,https://online-fix.me/games/arcade/16254-human-fall-flat-po-seti.html,arcade,2,8,522011,"23 января 2020, 23:42",2020-01-23T23:42:42+03:00,https://online-fix.me/uploads/posts/2020-01/3210424696_poster.jpg,22.07.2016,Steam
The Escapists 2 по сети,https://online-fix.me/games/arcade/16251-rukovodstvo-zapuska-the-escapists-2-po-seti.html,arcade,4,4,249169,"23 января 2020, 23:22",2020-01-23T23:22:54+03:00,https://online-fix.me/uploads/posts/2020-02/1940255846_poster.jpg,22.08.17,Steam
TerraTech по сети,https://online-fix.me/games/sandbox/16230-terratech-po-seti.html,sandbox,6,6,89696,"21 января 2020, 17:49",2020-01-21T17:49:00+03:00,https://online-fix.me/uploads/posts/2020-01/1865060775_poster.jpg,10.08.2018,Steam
Rivals of Aether по сети,https://online-fix.me/games/arcade/16228-rivals-of-aether-po-seti.html,arcade,2,4,51089,"15 января 2020, 02:26",2020-01-15T02:26:31+03:00,https://online-fix.me/uploads/posts/2020-01/341554065_poster.jpg,28.03.2017,Steam
Beyond Senses по сети,https://online-fix.me/games/horror/16224-beyond-senses-po-seti.html,horror,5,5,63871,"11 января 2020, 02:33",2020-01-11T02:33:34+03:00,https://online-fix.me/uploads/posts/2020-01/2760508408_poster.jpg,6.01.2020,Steam
Mother Russia Bleeds по сети,https://online-fix.me/games/fighting/16216-mother-russia-bleeds-po-seti.html,fighting,4,4,24493,"28 декабря 2019, 19:33",2019-12-28T19:33:27+03:00,https://online-fix.me/uploads/posts/2019-12/601836563_poster.jpg,5.09.2016,
Resident Evil 6 по сети,https://online-fix.me/games/shooter/16214-resident-evil-6-po-seti.html,shooter,2,6,319147,"27 декабря 2019, 23:22",2019-12-27T23:22:11+03:00,https://online-fix.me/uploads/posts/2019-12/3605176149_poster.jpg,22.03.2013,Steam
Escape First 2 по сети,https://online-fix.me/games/horror/16212-escape-first-2-po-seti.html,horror,6,6,65135,"26 декабря 2019, 13:06",2019-12-26T13:06:00+03:00,https://online-fix.me/uploads/posts/2019-12/1746572784_poster.jpg,21.06.2019,Steam
Secret Neighbor по сети,https://online-fix.me/games/survival/16201-secret-neighbor-po-seti.html,survival,6,6,249247,"20 декабря 2019, 15:07",2019-12-20T15:07:48+03:00,https://online-fix.me/uploads/posts/2020-01/4012251454_poster.jpg,24.10.2019,Microsoft Store
Sacred 2 Gold по сети,https://online-fix.me/games/rpg/16198-sacred-2-gold-po-seti.html,rpg,4,4,44408,"19 декабря 2019, 03:12",2019-12-19T03:12:18+03:00,https://online-fix.me/uploads/posts/2019-12/2693679763_poster.jpg,13.10.2008,LAN
Starbound по сети,https://online-fix.me/games/sandbox/16193-starbound-po-seti.html,sandbox,64,64,90126,"15 декабря 2019, 12:22",2019-12-15T12:22:58+03:00,https://online-fix.me/uploads/posts/2019-12/688249035_poster.jpg,4.12.13,LAN
Factorio по сети,https://online-fix.me/games/simulator/16189-factorio-po-seti.html,simulator,16,16,610852,"12 декабря 2019, 00:39",2019-12-12T00:39:11+03:00,https://online-fix.me/uploads/posts/2019-12/963698770_poster.jpg,14.08.2020,Steam
No Mans Sky по сети,https://online-fix.me/games/sandbox/16185-no-mans-sky-po-seti.html,sandbox,4,4,1127384,"9 декабря 2019, 23:50",2019-12-09T23:50:51+03:00,https://online-fix.me/uploads/posts/2019-12/950843059_poster.jpg,12.08.2016,Microsoft Store
Dying Light по сети,https://online-fix.me/games/survival/16119-dying-light-the-following-po-seti.html,survival,4,5,676414,"9 декабря 2019, 23:41",2019-12-09T23:41:52+03:00,http://online-fix.me/uploads/posts/2019-10/1614918417_poster.jpg,27.01.2015,Steam
Abyss Odyssey по сети,https://online-fix.me/games/adventures/16940-abyss-odyssey-po-seti.html,adventures,2,4,19931,"17 февраля 2022, 05:12",2022-02-17T05:12:41+03:00,https://online-fix.me/uploads/posts/2022-02/1080967236_poster.jpg,15.07.2014,Steam
QUAKE по сети,https://online-fix.me/games/shooter/16943-quake-po-seti.html,shooter,4,8,31574,"14 февраля 2022, 12:40",2022-02-14T12:40:29+03:00,https://online-fix.me/uploads/posts/2022-02/1512616497_poster.jpg,22.06.1996,Steam
Perfect Heist 2 по сети,https://online-fix.me/games/adventures/16932-perfect-heist-2-po-seti.html,adventures,?,?,101386,"26 января 2022, 09:37",2022-01-26T09:37:53+03:00,https://online-fix.me/uploads/posts/2022-01/2043703865_poster.jpg,10.12.2021,Steam
Easy Red 2 по сети,https://online-fix.me/games/shooter/16921-easy-red-2-po-seti.html,shooter,10,20,51651,"26 января 2022, 09:05",2022-01-26T09:05:02+03:00,https://online-fix.me/uploads/posts/2022-01/3724987539_poster.jpg,10.11.2020,Steam
Tropico 5 по сети,https://online-fix.me/games/simulator/16928-tropico-5-po-seti.html,simulator,4,4,26025,"25 января 2022, 09:13",2022-01-25T09:13:17+03:00,https://online-fix.me/uploads/posts/2022-01/2249347606_poster.jpg,23.12.2020,Epic Games Store
Retimed по сети,https://online-fix.me/games/arcade/16922-retimed-po-seti.html,arcade,4,4,12578,"25 января 2022, 09:08",2022-01-25T09:08:27+03:00,https://online-fix.me/uploads/posts/2022-01/280709432_poster.jpg,05.12.2019,Steam
Save Your Nuts по сети,https://online-fix.me/games/arcade/16923-save-your-nuts-po-seti.html,arcade,4,8,22103,"20 января 2022, 10:42",2022-01-20T10:42:31+03:00,https://online-fix.me/uploads/posts/2022-01/613867293_poster.jpg,16.04.2020,Steam
Tetris Effect Connected по сети,https://online-fix.me/games/puzzles/16917-tetris-effect-connected-po-seti.html,puzzles,3,2,31209,"19 января 2022, 06:00",2022-01-19T06:00:59+03:00,https://online-fix.me/uploads/posts/2022-01/2789450116_poster.jpg,18.08.2021,Steam
Earthfall по сети,https://online-fix.me/games/shooter/16919-earthfall-po-seti.html,shooter,4,?,35575,"17 января 2022, 09:42",2022-01-17T09:42:30+03:00,https://online-fix.me/uploads/posts/2022-01/19289419_poster.jpg,13.07.2018,Steam
Geneshift по сети,https://online-fix.me/games/arcade/16916-geneshift-po-seti.html,arcade,64,64,17519,"13 января 2022, 00:38",2022-01-13T00:38:16+03:00,https://online-fix.me/uploads/posts/2022-01/3806534038_poster.jpg,23.05.2017,Steam
Guardians VR по сети,https://online-fix.me/games/strategy/16915-guardians-vr-po-seti.html,strategy,?,?,11148,"13 января 2022, 00:36",2022-01-13T00:36:34+03:00,https://online-fix.me/uploads/posts/2022-01/287521415_poster.jpg,26.02.2021,Steam
Krampus is Home по сети,https://online-fix.me/games/horror/16914-krampus-is-home-po-seti.html,horror,7,7,43381,"13 января 2022, 00:34",2022-01-13T00:34:06+03:00,https://online-fix.me/uploads/posts/2022-01/1438859765_poster.jpg,22.03.2019,Steam
Runbow по сети,https://online-fix.me/games/arcade/16910-runbow-po-seti.html,arcade,8,9,12068,"13 января 2022, 00:28",2022-01-13T00:28:57+03:00,https://online-fix.me/uploads/posts/2022-01/1175718344_poster.jpg,18.11.2016,Steam
20XX по сети,https://online-fix.me/games/arcade/16909-20xx-po-seti.html,arcade,2,2,9301,"13 января 2022, 00:26",2022-01-13T00:26:23+03:00,https://online-fix.me/uploads/posts/2022-01/1375180797_poster.jpg,16.08.2017,Steam
Wayward по сети,https://online-fix.me/games/survival/16977-wayward-po-seti.html,survival,?,?,24062,"3 мая 2022, 21:48",2022-05-03T21:48:49+03:00,https://online-fix.me/uploads/posts/2022-04/326218047_poster.jpg,22.04.2016,Steam
Mad Streets по сети,https://online-fix.me/games/fighting/16966-mad-streets-po-seti.html,fighting,2,4,25870,"22 апреля 2022, 15:08",2022-04-22T15:08:26+03:00,https://online-fix.me/uploads/posts/2022-04/2629149198_poster.jpg,15.03.2022,Steam
Escape The Ayuwoki Horror Night по сети,https://online-fix.me/games/horror/16967-escape-the-ayuwoki-horror-night-po-seti.html,horror,4,5,68824,"21 апреля 2022, 17:24",2022-04-21T17:24:47+03:00,https://online-fix.me/uploads/posts/2022-04/4060995131_poster.jpg,04.02.2022,Steam
Fear Therapy по сети,https://online-fix.me/games/horror/16956-fear-therapy-po-seti.html,horror,4,4,78759,"24 марта 2022, 15:25",2022-03-24T15:25:42+03:00,https://online-fix.me/uploads/posts/2022-03/529089145_poster.jpg,24.12.2021,Steam
Crackdown 3 по сети,https://online-fix.me/games/shooter/16954-crackdown-3-po-seti.html,shooter,2vs2,10,26260,"18 марта 2022, 18:16",2022-03-18T18:16:15+03:00,https://online-fix.me/uploads/posts/2022-03/3257520996_poster.jpg,09.06.2014,Microsoft Store
Titan Quest Anniversary Edition по сети,https://online-fix.me/games/rpg/16880-titan-quest-anniversary-edition-po-seti.html,rpg,6,?,56572,"13 декабря 2021, 22:51",2021-12-13T22:51:55+03:00,https://online-fix.me/uploads/posts/2021-12/694420057_poster.jpg,31.08.2016,Steam
One Step From Eden по сети,https://online-fix.me/games/strategy/16862-one-step-from-eden-po-seti.html,strategy,2,2,9398,"12 декабря 2021, 05:30",2021-12-12T05:30:04+03:00,https://online-fix.me/uploads/posts/2021-12/2104690918_poster.jpg,26.03.2020,Steam Remote Play
F1 RACE STARS по сети,https://online-fix.me/games/racing/16867-f1-race-stars-po-seti.html,racing,4,12,18115,"8 декабря 2021, 20:54",2021-12-08T20:54:59+03:00,https://online-fix.me/uploads/posts/2021-12/2217474557_poster.jpg,15.11.2012,Steam
HOLY COW Milking Simulator по сети,https://online-fix.me/games/arcade/16866-holy-cow-milking-simulator-po-seti.html,arcade,4,4,8176,"8 декабря 2021, 20:51",2021-12-08T20:51:51+03:00,https://online-fix.me/uploads/posts/2021-12/4234449130_poster.jpg,02.12.2021,Steam Remote Play
Mini Motor Racing X по сети,https://online-fix.me/games/racing/16865-mini-motor-racing-x-po-seti.html,racing,2,4,12811,"8 декабря 2021, 20:48",2021-12-08T20:48:03+03:00,https://online-fix.me/uploads/posts/2021-12/3550392543_poster.jpg,24.06.2020,Steam
Grid 2 по сети,https://online-fix.me/games/racing/16854-grid-2-po-seti.html,racing,2,12,45356,"28 ноября 2021, 06:34",2021-11-28T06:34:06+03:00,https://online-fix.me/uploads/posts/2021-11/2058680584_poster.jpg,28.05.2013,Steam
Charlie Murder по сети,https://online-fix.me/games/rpg/16908-charlie-murder-po-seti.html,rpg,4,4,18069,"13 января 2022, 00:24",2022-01-13T00:24:31+03:00,https://online-fix.me/uploads/posts/2022-01/4059562601_poster.jpg,12.05.2017,Steam
Demeo по сети,https://online-fix.me/games/rpg/16906-demeo-po-seti.html,rpg,4,4,19792,"8 января 2022, 11:38",2022-01-08T11:38:20+03:00,https://online-fix.me/uploads/posts/2022-01/402865869_poster.jpg,06.05.2021,Steam
Frozenheim по сети,https://online-fix.me/games/strategy/16904-frozenheim-po-seti.html,strategy,4,8,47733,"7 января 2022, 06:10",2022-01-07T06:10:25+03:00,https://online-fix.me/uploads/posts/2022-01/2001618160_poster.jpg,20.05.2021,Steam
SEGA Mega Drive and Genesis Classics по сети,https://online-fix.me/games/arcade/16899-sega-mega-drive-and-genesis-classics-po-seti.html,arcade,2,2,23291,"31 декабря 2021, 15:12",2021-12-31T15:12:25+03:00,https://online-fix.me/uploads/posts/2021-12/4065704594_poster.jpg,01.06.2010,Steam
Imperiums Greek Wars по сети,https://online-fix.me/games/strategy/16897-imperiums-greek-wars-po-seti.html,strategy,?,?,15707,"30 декабря 2021, 19:17",2021-12-30T19:17:47+03:00,https://online-fix.me/uploads/posts/2021-12/2374728874_poster.jpg,30.07.2020,Steam
Blazing Sails по сети,https://online-fix.me/games/shooter/16896-blazing-sails-po-seti.html,shooter,4,50,63506,"30 декабря 2021, 19:15",2021-12-30T19:15:35+03:00,https://online-fix.me/uploads/posts/2021-12/3656429712_poster.jpg,05.11.2020,Steam
Motor Town Behind The Wheel по сети,https://online-fix.me/games/simulator/16892-motor-town-behind-the-wheel-po-seti.html,simulator,10,10,110610,"30 декабря 2021, 19:09",2021-12-30T19:09:17+03:00,https://online-fix.me/uploads/posts/2021-12/2114007224_poster.jpg,18.12.2021,Steam
Age of Empires Definitive Edition по сети,https://online-fix.me/games/strategy/16843-age-of-empires-definitive-edition-po-seti.html,strategy,?,?,30745,"23 ноября 2021, 00:33",2021-11-23T00:33:37+03:00,https://online-fix.me/uploads/posts/2021-11/1413858646_poster.jpg,19.08.2019,Microsoft Store
Unspottable по сети,https://online-fix.me/games/arcade/16842-unspottable-po-seti.html,arcade,2,4,32173,"23 ноября 2021, 00:23",2021-11-23T00:23:46+03:00,https://online-fix.me/uploads/posts/2021-11/31381422_poster.jpg,22.10.2020,Steam Remote Play
Dark Deception Monsters and Mortals по сети,https://online-fix.me/games/horror/16841-dark-deception-monsters-and-mortals.html,horror,3 VS 1,4,43321,"23 ноября 2021, 00:20",2021-11-23T00:20:50+03:00,https://online-fix.me/uploads/posts/2021-11/765756490_poster.jpg,02.11.2020,Steam
Blood and Bacon по сети,https://online-fix.me/games/shooter/16839-blood-and-bacon-po-seti.html,shooter,4,4,42341,"18 ноября 2021, 16:18",2021-11-18T16:18:54+03:00,https://online-fix.me/uploads/posts/2021-11/3191445537_poster.jpg,01.02.2016,Steam
Stronghold Legends по сети,https://online-fix.me/games/strategy/16835-stronghold-legends-po-seti.html,strategy,4,4,27112,"15 ноября 2021, 20:53",2021-11-15T20:53:17+03:00,https://online-fix.me/uploads/posts/2021-11/3988428148_poster.jpg,27.10.2009,Steam
Forza Horizon 5 по сети,https://online-fix.me/games/racing/16828-forza-horizon-5-po-seti.html,racing,4,12,2249378,"8 ноября 2021, 22:21",2021-11-08T22:21:26+03:00,https://online-fix.me/uploads/posts/2021-11/812395966_poster.jpg,09.11.2021,Steam
Worms Reloaded,https://online-fix.me/games/arcade/16822-worms-reloaded.html,arcade,5,5,32135,"4 ноября 2021, 00:21",2021-11-04T00:21:25+03:00,https://online-fix.me/uploads/posts/2021-11/2281784610_poster.jpg,26.08.2010,Steam
Iron Harvest по сети,https://online-fix.me/games/adventures/16819-iron-harvest-po-seti.html,adventures,3,6,49736,"31 октября 2021, 13:02",2021-10-31T13:02:49+03:00,https://online-fix.me/uploads/posts/2021-10/3939871637_poster.jpg,24.06.2021,Microsoft Store
Age of Empires IV по сети,https://online-fix.me/games/strategy/16818-age-of-empires-iv-po-seti.html,strategy,8,8,395930,"31 октября 2021, 12:49",2021-10-31T12:49:19+03:00,https://online-fix.me/uploads/posts/2023-07/343416176_poster.jpg,28.10.2021,Microsoft Store
Go All Out по сети,https://online-fix.me/games/fighting/16802-go-all-out-po-seti.html,fighting,4,8,6905,"26 октября 2021, 03:48",2021-10-26T03:48:08+03:00,https://online-fix.me/uploads/posts/2021-10/2894417442_poster.jpg,06.07.2019,Steam
Nine Parchments по сети,https://online-fix.me/games/arcade/16750-nine-parchments-po-seti.html,arcade,4,4,25441,"8 октября 2021, 23:42",2021-10-08T23:42:55+03:00,https://online-fix.me/uploads/posts/2021-10/3504452186_poster.jpg,05.12.2017,Steam
MageQuit по сети,https://online-fix.me/games/arcade/16748-magequit-po-seti.html,arcade,10,10,20539,"8 октября 2021, 23:20",2021-10-08T23:20:58+03:00,https://online-fix.me/uploads/posts/2021-10/2904118256_poster.jpg,10.11.2019,Steam
Fling to the Finish по сети,https://online-fix.me/games/racing/16744-fling-to-the-finish-po-seti.html,racing,2,8,24127,"7 октября 2021, 17:26",2021-10-07T17:26:04+03:00,https://online-fix.me/uploads/posts/2021-10/3670939407_poster.jpg,23.08.2021,Steam
Death Squared по сети,https://online-fix.me/games/puzzles/16738-death-squared-po-seti.html,puzzles,4,4,20235,"1 октября 2021, 00:50",2021-10-01T00:50:31+03:00,https://online-fix.me/uploads/posts/2021-09/1519223233_poster.jpg,14.03.2017,Steam Remote Play
Niffelheim по сети,https://online-fix.me/games/adventures/16739-niffelheim-po-seti.html,adventures,4,16,20226,"1 октября 2021, 00:50",2021-10-01T00:50:25+03:00,https://online-fix.me/uploads/posts/2021-09/227770746_poster.jpg,26.09.2018,Steam
Monster Prom 2 Monster Camp по сети,https://online-fix.me/games/rpg/16740-monster-prom-2-monster-camp-po-seti.html,rpg,?,?,18195,"1 октября 2021, 00:50",2021-10-01T00:50:15+03:00,https://online-fix.me/uploads/posts/2021-09/569060785_poster.jpg,23.10.2020,Steam
Alchemists Awakening по сети,https://online-fix.me/games/sandbox/16733-alchemists-awakening-po-seti.html,sandbox,?,?,24833,"28 сентября 2021, 00:30",2021-09-28T00:30:33+03:00,https://online-fix.me/uploads/posts/2021-09/2856250206_poster.jpg,04.07.2019,Steam
Serious Sam Fusion 2017 по сети,https://online-fix.me/games/shooter/16729-serious-sam-fusion-2017-po-seti.html,shooter,?,?,28229,"27 сентября 2021, 21:18",2021-09-27T21:18:02+03:00,https://online-fix.me/uploads/posts/2021-09/3997256324_poster.jpg,-,Steam
Rising Lords по сети,https://online-fix.me/games/strategy/16727-rising-lords-po-seti.html,strategy,4,4,16958,"27 сентября 2021, 21:17",2021-09-27T21:17:47+03:00,https://online-fix.me/uploads/posts/2021-09/2529278864_poster.jpg,27.05.2020,Steam
Lumberhill по сети,https://online-fix.me/games/arcade/16723-lumberhill-po-seti.html,arcade,4,4,15404,"27 сентября 2021, 20:27",2021-09-27T20:27:25+03:00,https://online-fix.me/uploads/posts/2021-09/219836522_poster.jpg,13.06.2021,Steam
RichMan 10 по сети,https://online-fix.me/games/strategy/16782-richman-10-po-seti.html,strategy,2,4,15129,"19 октября 2021, 13:49",2021-10-19T13:49:37+03:00,https://online-fix.me/uploads/posts/2021-10/2696488285_poster.jpg,24.10.2019,Steam
Osiris New Dawn по сети,https://online-fix.me/games/rpg/16780-osiris-new-dawn-po-seti.html,rpg,?,?,49092,"19 октября 2021, 13:38",2021-10-19T13:38:15+03:00,https://online-fix.me/uploads/posts/2021-10/1944855942_poster.jpg,28.09.2016,Steam
Medieval Kingdom Wars по сети,https://online-fix.me/games/strategy/16776-medieval-kingdom-wars-po-seti.html,strategy,?,?,17579,"16 октября 2021, 23:12",2021-10-16T23:12:27+03:00,https://online-fix.me/uploads/posts/2021-10/4152936761_poster.jpg,03.01.2019,Steam
Super Bomberman R по сети,https://online-fix.me/games/arcade/16774-super-bomberman-r-po-seti.html,arcade,2,8,18766,"15 октября 2021, 19:58",2021-10-15T19:58:11+03:00,https://online-fix.me/uploads/posts/2021-10/3996280764_poster.jpg,12.06.2018,Steam
Kane &amp; Lynch 2 Dog Days по сети,https://online-fix.me/games/shooter/16773-kane-lynch-2-dog-days-po-seti.html,shooter,2,12,64792,"15 октября 2021, 19:55",2021-10-15T19:55:45+03:00,https://online-fix.me/uploads/posts/2021-10/1587884772_poster.jpg,20.08.2010,Steam
Trailmakers по сети,https://online-fix.me/games/sandbox/16770-trailmakers-po-seti.html,sandbox,8,8,121816,"14 октября 2021, 12:17",2021-10-14T12:17:04+03:00,https://online-fix.me/uploads/posts/2021-10/1569921142_poster.jpg,18.09.2019,Microsoft Store
Levelhead по сети,https://online-fix.me/games/arcade/16764-levelhead-po-seti.html,arcade,4,?,8479,"13 октября 2021, 15:50",2021-10-13T15:50:40+03:00,https://online-fix.me/uploads/posts/2021-10/2718849954_poster.jpg,30.04.2020,Steam Remote Play
Journey Of Life по сети,https://online-fix.me/games/rpg/16758-journey-of-life-po-seti.html,rpg,?,?,47118,"9 октября 2021, 21:04",2021-10-09T21:04:42+03:00,https://online-fix.me/uploads/posts/2021-10/3300483460_poster.jpg,01.02.2021,Steam
Garden Paws по сети,https://online-fix.me/games/adventures/16698-garden-paws-po-seti.html,adventures,32,32,13734,"28 августа 2021, 23:08",2021-08-28T23:08:43+03:00,https://online-fix.me/uploads/posts/2021-08/1046902595_poster.jpg,18.12.2018,Steam
Road Redemption по сети,https://online-fix.me/games/racing/16688-road-redemption-po-seti.html,racing,10,10,36527,"24 августа 2021, 21:20",2021-08-24T21:20:06+03:00,https://online-fix.me/uploads/posts/2021-08/3945041193_poster.jpg,07.10.2019,Steam
PICO PARK по сети,https://online-fix.me/games/puzzles/16678-pico-park-po-seti.html,puzzles,8,8,232024,"9 августа 2021, 14:34",2021-08-09T14:34:39+03:00,https://online-fix.me/uploads/posts/2021-08/1647570288_poster.jpg,07.05.2021,Steam
Fast And Low по сети,https://online-fix.me/games/shooter/16677-fast-and-low-po-seti.html,shooter,4,4,43394,"7 августа 2021, 00:03",2021-08-07T00:03:47+03:00,https://online-fix.me/uploads/posts/2021-08/4160855787_poster.jpg,20.06.2020,Steam
Avorion по сети,https://online-fix.me/games/simulator/16665-avorion-po-seti.html,simulator,?,?,40810,"25 июля 2021, 20:00",2021-07-25T20:00:15+03:00,https://online-fix.me/uploads/posts/2021-07/95432022_poster.jpg,09.03.2020,Steam
Unruly Heroes по сети,https://online-fix.me/games/fighting/16715-unruly-heroes-po-seti.html,fighting,4,4,25765,"10 сентября 2021, 12:53",2021-09-10T12:53:40+03:00,https://online-fix.me/uploads/posts/2021-09/1432616281_poster.jpg,23.01.2019,Steam
Hover по сети,https://online-fix.me/games/adventures/16719-hover-po-seti.html,adventures,64,64,12092,"10 сентября 2021, 12:48",2021-09-10T12:48:32+03:00,https://online-fix.me/uploads/posts/2021-09/3883948575_poster.jpg,31.05.2017,Steam
N++ по сети,https://online-fix.me/games/arcade/16721-n-po-seti.html,arcade,4,4,8979,"10 сентября 2021, 12:48",2021-09-10T12:48:10+03:00,https://online-fix.me/uploads/posts/2021-09/958435509_poster.jpg,25.08.2016,Steam Remote Play
Minecraft for Windows по сети,https://online-fix.me/games/sandbox/16708-minecraft-for-windows-po-seti.html,sandbox,∞,∞,631211,"7 сентября 2021, 22:20",2021-09-07T22:20:33+03:00,https://online-fix.me/uploads/posts/2021-09/152963811_poster.jpg,09.10.2018,Microsoft Store
BROKE PROTOCOL Online City RPG по сети,https://online-fix.me/games/rpg/16709-broke-protocol-online-city-rpg-po-seti.html,rpg,100,100,16746,"7 сентября 2021, 22:20",2021-09-07T22:20:20+03:00,https://online-fix.me/uploads/posts/2021-09/2509842593_poster.jpg,26.08.2017,Steam
The Experiment Escape Room по сети,https://online-fix.me/games/horror/16705-the-experiment-escape-room-po-seti.html,horror,6,6,52636,"6 сентября 2021, 22:44",2021-09-06T22:44:18+03:00,https://online-fix.me/uploads/posts/2021-09/1085037740_poster.jpg,22.11.2018,Steam
Mahasona по сети,https://online-fix.me/games/adventures/16702-mahasona-po-seti.html,adventures,4,4,39926,"3 сентября 2021, 16:16",2021-09-03T16:16:52+03:00,https://online-fix.me/uploads/posts/2021-09/3261214449_poster.jpg,20.06.2020,Steam
Monster Jam Steel Titans 2 по сети,https://online-fix.me/games/racing/16703-monster-jam-steel-titans-2-po-seti.html,racing,6,6,12141,"3 сентября 2021, 16:16",2021-09-03T16:16:39+03:00,https://online-fix.me/uploads/posts/2021-09/3512415234_poster.jpg,02.03.2021,Steam
S&amp;Box по сети,https://online-fix.me/games/sandbox/16704-sbox-po-seti.html,sandbox,∞,∞,128838,"3 сентября 2021, 16:16",2021-09-03T16:16:27+03:00,https://online-fix.me/uploads/posts/2021-09/1458281345_poster.jpg,TBD,Steam
Get Packed Fully Loaded по сети,https://online-fix.me/games/arcade/16700-get-packed-fully-loaded-po-seti.html,arcade,4,4,22670,"29 августа 2021, 22:44",2021-08-29T22:44:00+03:00,https://online-fix.me/uploads/posts/2021-08/2947146820_poster.jpg,29.07.2021,Steam
Golden Light по сети,https://online-fix.me/games/horror/16695-golden-light-po-seti.html,horror,10,10,35514,"28 августа 2021, 23:09",2021-08-28T23:09:04+03:00,https://online-fix.me/uploads/posts/2021-08/3803401495_poster.jpg,10.07.2020,Steam
Magicka по сети,https://online-fix.me/games/rpg/16183-magicka-po-seti.html,rpg,4,4,68510,"9 декабря 2019, 23:30",2019-12-09T23:30:32+03:00,https://online-fix.me/uploads/posts/2019-12/1270071513_poster.jpg,25.01.2015,Steam
Tabletop Simulator по сети,https://online-fix.me/games/arcade/16181-tabletop-simulator-po-seti.html,arcade,8,8,224728,"9 декабря 2019, 23:04",2019-12-09T23:04:08+03:00,https://online-fix.me/uploads/posts/2019-12/1127280453_poster.jpg,5.06.2015,Steam
Duck Game по сети,https://online-fix.me/games/arcade/16178-duck-game-po-seti.html,arcade,8,8,91512,"7 декабря 2019, 22:48",2019-12-07T22:48:46+03:00,https://online-fix.me/uploads/posts/2026-03/2898671127_poster.jpg,04.06.2015,Steam
Don't Starve Together по сети,https://online-fix.me/games/sandbox/16177-dont-starve-together-po-seti.html,sandbox,6,6,222702,"7 декабря 2019, 22:38",2019-12-07T22:38:19+03:00,https://online-fix.me/uploads/posts/2019-12/1782493721_poster.jpg,21.04.2016,LAN
F.E.A.R. 3 по сети,https://online-fix.me/games/shooter/16174-fear-3-po-seti.html,shooter,2,4,49877,"7 декабря 2019, 22:10",2019-12-07T22:10:13+03:00,https://online-fix.me/uploads/posts/2019-12/1933099232_poster.jpg,24.06.2011,LAN
Dead Rising 3 по сети,https://online-fix.me/games/sandbox/16172-dead-rising-3-po-seti.html,sandbox,2,4,82599,"7 декабря 2019, 21:42",2019-12-07T21:42:23+03:00,https://online-fix.me/uploads/posts/2019-12/3317682219_poster.jpg,5.09.2014,Steam
Castle Crashers по сети,https://online-fix.me/games/arcade/16171-castle-crashers-po-seti.html,arcade,4,4,148575,"7 декабря 2019, 21:29",2019-12-07T21:29:15+03:00,https://online-fix.me/uploads/posts/2025-08/3297174206_poster.jpg,26.09.2012,Steam
Broforce по сети,https://online-fix.me/games/arcade/16170-broforce-po-seti.html,arcade,4,8,70851,"7 декабря 2019, 21:21",2019-12-07T21:21:21+03:00,https://online-fix.me/uploads/posts/2019-12/1560964960_poster.jpg,7.04.2014,Steam
Left 4 Dead 2 по сети,https://online-fix.me/games/shooter/16127-left-4-dead-2-po-seti.html,shooter,4,8,369077,"25 ноября 2019, 01:09",2019-11-25T01:09:26+03:00,https://online-fix.me/uploads/posts/2019-10/1428730535_poster.jpg,17.12.2009,Steam
